-- phpMyAdmin SQL Dump
-- version 5.2.0
-- https://www.phpmyadmin.net/
--
-- Host: 127.0.0.1
-- Generation Time: May 29, 2023 at 06:19 AM
-- Server version: 10.4.27-MariaDB
-- PHP Version: 8.2.0

SET SQL_MODE = "NO_AUTO_VALUE_ON_ZERO";
START TRANSACTION;
SET time_zone = "+00:00";


/*!40101 SET @OLD_CHARACTER_SET_CLIENT=@@CHARACTER_SET_CLIENT */;
/*!40101 SET @OLD_CHARACTER_SET_RESULTS=@@CHARACTER_SET_RESULTS */;
/*!40101 SET @OLD_COLLATION_CONNECTION=@@COLLATION_CONNECTION */;
/*!40101 SET NAMES utf8mb4 */;

--
-- Database: `arherelee`
--

-- --------------------------------------------------------

--
-- Table structure for table `billing`
--

CREATE TABLE `billing` (
  `order_id` int(11) NOT NULL,
  `total_price` int(11) DEFAULT NULL,
  `order_type_id` varchar(5) DEFAULT NULL,
  `payment_id` varchar(4) DEFAULT NULL,
  `staff_id` int(7) DEFAULT NULL,
  `user_id` int(11) NOT NULL
) ENGINE=InnoDB DEFAULT CHARSET=utf8mb4 COLLATE=utf8mb4_general_ci;

--
-- Dumping data for table `billing`
--

INSERT INTO `billing` (`order_id`, `total_price`, `order_type_id`, `payment_id`, `staff_id`, `user_id`) VALUES
(8, 260, 'OT001', 'PAY1', 1, 3),
(9, 150, 'OT001', 'PAY1', 1, 13),
(10, 70, 'OT001', 'PAY1', 2, 6),
(11, 1200, 'OT002', 'PAY2', 1, 15),
(12, 260, 'OT001', 'PAY1', 2, 66),
(13, 125, 'OT001', 'PAY1', 1, 145),
(14, 50, 'OT001', 'PAY1', 1, 35),
(15, 160, 'OT001', 'PAY1', 1, 336),
(16, 425, 'OT001', 'PAY1', 2, 52),
(17, 315, 'OT001', 'PAY1', 1, 777),
(18, 275, 'OT002', 'PAY1', 1, 63);

-- --------------------------------------------------------

--
-- Table structure for table `card_type`
--

CREATE TABLE `card_type` (
  `card_type_id` varchar(3) NOT NULL,
  `card_type` text NOT NULL
) ENGINE=InnoDB DEFAULT CHARSET=utf8mb4 COLLATE=utf8mb4_general_ci;

--
-- Dumping data for table `card_type`
--

INSERT INTO `card_type` (`card_type_id`, `card_type`) VALUES
('CRE', 'CREDIT CARD'),
('DEB', 'DEBIT CRAD');

-- --------------------------------------------------------

--
-- Table structure for table `cart`
--

CREATE TABLE `cart` (
  `cart_id` int(11) NOT NULL,
  `order_id` int(11) DEFAULT NULL,
  `product_id` int(5) NOT NULL,
  `quantity` int(11) NOT NULL,
  `user_id` int(11) NOT NULL
) ENGINE=InnoDB DEFAULT CHARSET=utf8mb4 COLLATE=utf8mb4_general_ci;

--
-- Dumping data for table `cart`
--

INSERT INTO `cart` (`cart_id`, `order_id`, `product_id`, `quantity`, `user_id`) VALUES
(1, 8, 16, 2, 3),
(2, 8, 32, 2, 3),
(3, 8, 33, 1, 3),
(4, 9, 17, 2, 13),
(5, 9, 19, 1, 13),
(6, 10, 22, 2, 6),
(7, 11, 19, 3, 15),
(8, 11, 33, 3, 15),
(9, 11, 26, 5, 15),
(10, 11, 31, 1, 15),
(11, 11, 17, 6, 15),
(12, 11, 29, 4, 15),
(13, 12, 19, 1, 66),
(14, 12, 25, 2, 66),
(15, 12, 32, 2, 66),
(16, 13, 26, 1, 145),
(17, 13, 32, 1, 145),
(18, 13, 30, 1, 145),
(19, 14, 28, 1, 35),
(20, 15, 23, 2, 336),
(21, 15, 28, 1, 336),
(22, 16, 31, 1, 52),
(23, 16, 32, 2, 52),
(25, 16, 33, 2, 52),
(26, 16, 22, 1, 52),
(27, 17, 17, 2, 777),
(28, 17, 19, 1, 777),
(29, 17, 25, 2, 777),
(30, 17, 23, 1, 777),
(31, 17, 28, 1, 777),
(32, 18, 19, 1, 63),
(33, 18, 33, 1, 63),
(34, 18, 34, 1, 63);

-- --------------------------------------------------------

--
-- Table structure for table `category`
--

CREATE TABLE `category` (
  `category_id` varchar(5) NOT NULL,
  `category_name` text NOT NULL
) ENGINE=InnoDB DEFAULT CHARSET=utf8mb4 COLLATE=utf8mb4_general_ci;

--
-- Dumping data for table `category`
--

INSERT INTO `category` (`category_id`, `category_name`) VALUES
('CG001', 'Fast food'),
('CG002', 'Thai food'),
('CG003', 'Chinese food\n'),
('CG004', 'Dessert'),
('CG005', 'Drink');

-- --------------------------------------------------------

--
-- Table structure for table `order_type`
--

CREATE TABLE `order_type` (
  `order_type_id` varchar(5) NOT NULL,
  `order_type_name` text NOT NULL
) ENGINE=InnoDB DEFAULT CHARSET=utf8mb4 COLLATE=utf8mb4_general_ci;

--
-- Dumping data for table `order_type`
--

INSERT INTO `order_type` (`order_type_id`, `order_type_name`) VALUES
('OT001', 'ONLINE'),
('OT002', 'ONSITE');

-- --------------------------------------------------------

--
-- Table structure for table `payment_card`
--

CREATE TABLE `payment_card` (
  `card_number` varchar(16) CHARACTER SET utf8mb4 COLLATE utf8mb4_general_ci NOT NULL,
  `cvv` varchar(3) CHARACTER SET utf8mb4 COLLATE utf8mb4_general_ci NOT NULL,
  `expire_month` date NOT NULL,
  `card_type_id` varchar(3) CHARACTER SET utf8mb4 COLLATE utf8mb4_general_ci NOT NULL
) ENGINE=InnoDB DEFAULT CHARSET=utf8 COLLATE=utf8_general_ci;

--
-- Dumping data for table `payment_card`
--

INSERT INTO `payment_card` (`card_number`, `cvv`, `expire_month`, `card_type_id`) VALUES
('5048370016380941', '929', '2026-03-24', 'CRE'),
('5048370020372645', '888', '2024-04-09', 'CRE'),
('5048370048813661', '335', '2024-12-27', 'CRE'),
('5048370082810508', '984', '2023-12-27', 'DEB'),
('5048370083718205', '667', '2025-01-08', 'CRE'),
('5048370103111050', '236', '2025-10-18', 'DEB'),
('5048370114522386', '193', '2024-04-11', 'CRE'),
('5048370117641902', '218', '2022-11-12', 'DEB'),
('5048370118455948', '505', '2025-09-15', 'DEB'),
('5048370118694017', '134', '2023-03-03', 'DEB'),
('5048370126716745', '686', '2024-06-22', 'CRE'),
('5048370135093904', '696', '2022-08-31', 'CRE'),
('5048370135189918', '988', '2026-04-18', 'CRE'),
('5048370135880557', '726', '2023-07-15', 'CRE'),
('5048370163774185', '749', '2022-11-04', 'DEB'),
('5048370166317503', '442', '2025-01-02', 'DEB'),
('5048370167663681', '399', '2025-03-05', 'CRE'),
('5048370178186417', '886', '2023-07-02', 'CRE'),
('5048370188814917', '708', '2024-05-27', 'CRE'),
('5048370193663572', '333', '2024-02-28', 'DEB'),
('5048370216615658', '518', '2023-05-26', 'DEB'),
('5048370283683902', '309', '2023-03-20', 'DEB'),
('5048370307910034', '392', '2026-03-03', 'DEB'),
('5048370321009011', '387', '2024-02-26', 'CRE'),
('5048370336258199', '703', '2023-08-25', 'DEB'),
('5048370343752390', '264', '2024-05-08', 'DEB'),
('5048370359206307', '764', '2022-06-16', 'CRE'),
('5048370364680413', '850', '2023-02-05', 'CRE'),
('5048370375779915', '296', '2025-08-08', 'DEB'),
('5048370382875086', '893', '2025-09-09', 'DEB'),
('5048370411208044', '569', '2022-08-15', 'DEB'),
('5048370431787332', '290', '2025-08-19', 'DEB'),
('5048370442658167', '810', '2022-12-07', 'CRE'),
('5048370489722710', '288', '2023-08-04', 'DEB'),
('5048370518695622', '575', '2023-12-04', 'CRE'),
('5048370518894563', '834', '2025-04-20', 'DEB'),
('5048370544085087', '362', '2023-12-29', 'DEB'),
('5048370546549874', '154', '2023-03-16', 'DEB'),
('5048370611535501', '779', '2023-06-18', 'DEB'),
('5048370613827617', '423', '2025-12-28', 'DEB'),
('5048370616724902', '363', '2025-03-07', 'DEB'),
('5048370630252187', '611', '2025-02-22', 'DEB'),
('5048370648027761', '359', '2026-03-30', 'CRE'),
('5048370656437944', '372', '2026-04-16', 'DEB'),
('5048370691978001', '245', '2024-01-09', 'DEB'),
('5048370702158643', '802', '2023-10-08', 'CRE'),
('5048370710595208', '441', '2023-04-12', 'DEB'),
('5048370738068527', '136', '2024-10-23', 'DEB'),
('5048370784952020', '556', '2024-05-18', 'CRE'),
('5048370790493829', '846', '2025-06-06', 'DEB'),
('5048370801547662', '530', '2026-03-12', 'DEB'),
('5048370810378455', '674', '2023-05-01', 'DEB'),
('5048370811271857', '612', '2023-02-06', 'DEB'),
('5048370811704832', '315', '2026-04-07', 'DEB'),
('5048370815778576', '561', '2026-02-26', 'DEB'),
('5048370881678858', '353', '2026-04-04', 'CRE'),
('5048370925382814', '396', '2025-06-03', 'DEB'),
('5048370927587550', '773', '2022-06-02', 'DEB'),
('5048370949340624', '444', '2024-01-22', 'DEB'),
('5048370965522659', '183', '2024-02-12', 'CRE'),
('5048370968869917', '951', '2023-01-02', 'DEB'),
('5048370991220476', '960', '2023-08-25', 'DEB'),
('5048370991654625', '512', '2026-05-01', 'CRE'),
('5048371031940693', '658', '2025-07-18', 'CRE'),
('5048371095891550', '129', '2026-05-16', 'DEB'),
('5048371121901514', '608', '2025-07-06', 'DEB'),
('5048371131091694', '459', '2024-11-03', 'DEB'),
('5048371137946867', '894', '2025-01-31', 'CRE'),
('5048371148183195', '743', '2026-02-21', 'DEB'),
('5048371174661064', '931', '2025-04-17', 'CRE'),
('5048371178791420', '680', '2024-08-30', 'DEB'),
('5048371186763635', '525', '2024-12-15', 'DEB'),
('5048371198649186', '744', '2022-08-16', 'DEB'),
('5048371257865871', '757', '2024-11-15', 'DEB'),
('5048371262427972', '566', '2024-01-27', 'CRE'),
('5048371297229476', '669', '2022-06-30', 'CRE'),
('5048371299492577', '252', '2024-09-11', 'CRE'),
('5048371322425719', '781', '2025-10-12', 'DEB'),
('5048371355580729', '214', '2025-04-02', 'DEB'),
('5048371363322270', '202', '2022-08-05', 'CRE'),
('5048371364988673', '116', '2024-10-13', 'CRE'),
('5048371393978869', '746', '2025-02-24', 'CRE'),
('5048371481651121', '303', '2023-11-09', 'CRE'),
('5048371482995485', '479', '2023-01-15', 'CRE'),
('5048371504659051', '858', '2024-04-29', 'CRE'),
('5048371506178316', '381', '2025-06-14', 'DEB'),
('5048371532437983', '395', '2023-04-05', 'DEB'),
('5048371536234212', '133', '2024-06-20', 'DEB'),
('5048371564078978', '145', '2023-12-27', 'CRE'),
('5048371583571292', '790', '2022-12-23', 'CRE'),
('5048371598500518', '510', '2024-06-08', 'CRE'),
('5048371604708196', '777', '2024-07-13', 'DEB'),
('5048371613147097', '663', '2024-10-18', 'CRE'),
('5048371652526342', '341', '2023-02-03', 'DEB'),
('5048371653715662', '302', '2025-05-04', 'CRE'),
('5048371688736212', '971', '2023-12-11', 'DEB'),
('5048371695653038', '669', '2024-06-08', 'DEB'),
('5048371726794611', '395', '2026-03-12', 'CRE'),
('5048371749667877', '353', '2026-03-09', 'CRE'),
('5048371757835325', '531', '2024-04-24', 'DEB'),
('5048371822782213', '576', '2024-12-27', 'DEB'),
('5048371842208272', '311', '2025-05-08', 'CRE'),
('5048371844631208', '519', '2024-10-11', 'CRE'),
('5048371856619422', '478', '2022-06-18', 'DEB'),
('5048371870957287', '919', '2025-01-06', 'DEB'),
('5048371879631537', '301', '2023-08-10', 'DEB'),
('5048371892905595', '729', '2023-09-19', 'CRE'),
('5048371906931496', '600', '2025-03-20', 'DEB'),
('5048371908385394', '269', '2023-10-30', 'DEB'),
('5048371943008175', '338', '2025-12-22', 'CRE'),
('5048371971332836', '366', '2025-09-05', 'DEB'),
('5048371992960961', '642', '2025-02-13', 'CRE'),
('5048372006530824', '430', '2025-11-23', 'CRE'),
('5048372007460617', '290', '2024-09-20', 'CRE'),
('5048372069759237', '389', '2023-01-09', 'CRE'),
('5048372180179927', '877', '2022-06-21', 'DEB'),
('5048372243421886', '142', '2024-03-12', 'CRE'),
('5048372260275454', '555', '2024-06-22', 'CRE'),
('5048372314883089', '375', '2023-10-27', 'DEB'),
('5048372343305542', '214', '2024-04-09', 'CRE'),
('5048372358179295', '210', '2024-11-29', 'CRE'),
('5048372362790392', '817', '2025-09-16', 'CRE'),
('5048372386382234', '447', '2025-06-29', 'CRE'),
('5048372409812134', '653', '2022-12-18', 'CRE'),
('5048372415629407', '753', '2025-06-28', 'DEB'),
('5048372421870086', '767', '2022-09-08', 'CRE'),
('5048372424167845', '643', '2025-04-23', 'DEB'),
('5048372425453822', '847', '2022-08-11', 'CRE'),
('5048372438738615', '263', '2022-08-16', 'CRE'),
('5048372467369936', '366', '2025-10-03', 'CRE'),
('5048372468947722', '640', '2024-10-22', 'CRE'),
('5048372489799979', '838', '2024-03-07', 'DEB'),
('5048372494005032', '685', '2024-02-13', 'DEB'),
('5048372495866986', '144', '2024-10-23', 'CRE'),
('5048372531358253', '732', '2024-12-13', 'DEB'),
('5048372559861238', '486', '2022-11-20', 'DEB'),
('5048372573219157', '765', '2025-12-04', 'CRE'),
('5048372583273749', '882', '2024-06-27', 'DEB'),
('5048372590613630', '157', '2023-08-03', 'DEB'),
('5048372641213075', '594', '2023-12-09', 'DEB'),
('5048372648349344', '721', '2024-07-25', 'DEB'),
('5048372679334009', '624', '2024-09-25', 'DEB'),
('5048372710604220', '798', '2023-07-19', 'DEB'),
('5048372757160805', '433', '2025-06-16', 'CRE'),
('5048372784055341', '434', '2024-03-16', 'DEB'),
('5048372788101166', '848', '2023-11-25', 'CRE'),
('5048372790554683', '208', '2026-02-05', 'DEB'),
('5048372804695084', '373', '2022-10-13', 'CRE'),
('5048372834075976', '257', '2025-06-14', 'CRE'),
('5048372842602225', '794', '2026-05-08', 'CRE'),
('5048372852660691', '966', '2025-03-01', 'CRE'),
('5048372896222987', '411', '2025-03-20', 'DEB'),
('5048372922742909', '761', '2022-08-28', 'DEB'),
('5048372931694620', '860', '2025-12-09', 'DEB'),
('5048372935771101', '678', '2025-06-12', 'DEB'),
('5048372974625200', '829', '2023-04-08', 'CRE'),
('5048372975265584', '280', '2025-04-09', 'CRE'),
('5048373009488945', '821', '2025-07-22', 'DEB'),
('5048373031434693', '314', '2024-12-28', 'DEB'),
('5048373039251628', '622', '2025-12-30', 'DEB'),
('5048373086871112', '673', '2023-08-17', 'CRE'),
('5048373098112190', '220', '2022-12-11', 'DEB'),
('5048373162076669', '385', '2025-04-30', 'CRE'),
('5048373187920347', '593', '2022-06-30', 'DEB'),
('5048373219185588', '877', '2023-05-11', 'DEB'),
('5048373235563958', '786', '2025-04-11', 'CRE'),
('5048373240274294', '490', '2025-11-23', 'DEB'),
('5048373275196040', '459', '2025-10-13', 'DEB'),
('5048373282783194', '959', '2025-03-28', 'CRE'),
('5048373303302016', '788', '2025-11-28', 'CRE'),
('5048373320059573', '868', '2025-10-07', 'DEB'),
('5048373349373039', '310', '2023-12-05', 'CRE'),
('5048373374256893', '540', '2026-03-30', 'DEB'),
('5048373421674742', '622', '2026-05-24', 'DEB'),
('5048373424432627', '764', '2024-03-23', 'DEB'),
('5048373465495756', '556', '2022-09-17', 'CRE'),
('5048373486276797', '927', '2024-11-22', 'DEB'),
('5048373496378997', '935', '2024-01-26', 'CRE'),
('5048373497334544', '379', '2025-03-22', 'CRE'),
('5048373500065838', '340', '2024-12-31', 'DEB'),
('5048373515025231', '812', '2024-04-28', 'DEB'),
('5048373522223753', '253', '2026-01-06', 'DEB'),
('5048373526235951', '918', '2025-08-14', 'DEB'),
('5048373537229274', '987', '2026-02-24', 'DEB'),
('5048373578236030', '884', '2024-12-03', 'DEB'),
('5048373588995419', '317', '2024-12-02', 'DEB'),
('5048373602326039', '906', '2025-01-27', 'DEB'),
('5048373616127365', '643', '2025-05-19', 'DEB'),
('5048373645238399', '369', '2024-04-20', 'DEB'),
('5048373688282908', '829', '2023-12-31', 'CRE'),
('5048373692042744', '560', '2025-03-23', 'CRE'),
('5048373707563460', '203', '2024-01-19', 'DEB'),
('5048373746904691', '470', '2022-08-21', 'CRE'),
('5048373763005901', '937', '2022-07-13', 'DEB'),
('5048373764572412', '456', '2024-05-27', 'DEB'),
('5048373827224613', '874', '2025-03-27', 'CRE'),
('5048373863969279', '683', '2026-03-21', 'CRE'),
('5048373892006721', '156', '2023-04-17', 'DEB'),
('5048373906967736', '541', '2022-11-23', 'DEB'),
('5048373913817858', '996', '2024-02-03', 'CRE'),
('5048373932136041', '624', '2025-09-27', 'DEB'),
('5048373956130417', '693', '2025-11-18', 'DEB'),
('5048373981167871', '825', '2023-07-01', 'DEB'),
('5048374026280570', '938', '2025-05-07', 'DEB'),
('5048374030352464', '855', '2022-08-11', 'DEB'),
('5048374043260811', '309', '2023-04-28', 'DEB'),
('5048374052281021', '553', '2025-10-09', 'CRE'),
('5048374055708525', '982', '2026-05-19', 'DEB'),
('5048374059544363', '952', '2026-04-07', 'CRE'),
('5048374077679910', '408', '2022-09-09', 'CRE'),
('5048374088868007', '660', '2026-01-06', 'CRE'),
('5048374092029216', '365', '2023-05-16', 'DEB'),
('5048374114812052', '171', '2022-11-04', 'DEB'),
('5048374124992027', '224', '2024-12-17', 'DEB'),
('5048374136913870', '636', '2025-12-15', 'DEB'),
('5048374208334583', '637', '2024-12-26', 'CRE'),
('5048374254876073', '449', '2026-05-03', 'CRE'),
('5048374314412067', '857', '2026-04-03', 'DEB'),
('5048374323541161', '628', '2024-08-28', 'DEB'),
('5048374339840771', '246', '2024-07-03', 'CRE'),
('5048374388754394', '618', '2023-10-24', 'CRE'),
('5048374390064725', '698', '2022-07-13', 'DEB'),
('5048374392414639', '525', '2023-11-26', 'CRE'),
('5048374394421723', '455', '2023-07-31', 'CRE'),
('5048374405437031', '252', '2023-03-23', 'CRE'),
('5048374412001564', '809', '2024-08-17', 'DEB'),
('5048374501644613', '421', '2023-01-05', 'DEB'),
('5048374579738503', '456', '2023-07-12', 'CRE'),
('5048374589781667', '871', '2023-10-23', 'CRE'),
('5048374638359556', '169', '2022-06-13', 'DEB'),
('5048374647000472', '993', '2025-10-26', 'DEB'),
('5048374657237832', '312', '2024-12-27', 'DEB'),
('5048374680209303', '977', '2025-11-30', 'DEB'),
('5048374700748421', '765', '2023-06-16', 'CRE'),
('5048374701813364', '338', '2026-05-13', 'CRE'),
('5048374702157480', '964', '2023-09-27', 'CRE'),
('5048374715376747', '170', '2026-01-01', 'CRE'),
('5048374727392203', '239', '2023-07-20', 'DEB'),
('5048374745950883', '749', '2025-07-30', 'DEB'),
('5048374748242726', '242', '2023-07-31', 'DEB'),
('5048374749460376', '185', '2023-05-17', 'DEB'),
('5048374774982781', '218', '2025-05-02', 'DEB'),
('5048374781325883', '967', '2024-06-24', 'CRE'),
('5048374784934954', '843', '2024-07-12', 'DEB'),
('5048374788906438', '756', '2022-08-31', 'CRE'),
('5048374816790200', '936', '2022-07-31', 'CRE'),
('5048374827709777', '788', '2025-07-09', 'CRE'),
('5048374872645694', '894', '2025-04-24', 'DEB'),
('5048374946584515', '523', '2023-09-27', 'CRE'),
('5048374971900719', '351', '2025-02-15', 'CRE'),
('5048374990263024', '605', '2026-03-14', 'CRE'),
('5048375008401340', '554', '2023-07-20', 'CRE'),
('5048375016716028', '904', '2026-05-17', 'CRE'),
('5048375029389326', '778', '2022-06-12', 'DEB'),
('5048375045370193', '474', '2025-06-02', 'DEB'),
('5048375052309407', '234', '2026-04-27', 'CRE'),
('5048375099470519', '653', '2023-10-02', 'DEB'),
('5048375114863383', '858', '2024-02-12', 'CRE'),
('5048375141554518', '459', '2023-09-22', 'DEB'),
('5048375202511407', '439', '2026-05-02', 'CRE'),
('5048375211262794', '134', '2024-01-05', 'DEB'),
('5048375218748688', '756', '2023-09-06', 'CRE'),
('5048375230378498', '412', '2025-10-10', 'DEB'),
('5048375244502414', '968', '2024-02-09', 'CRE'),
('5048375254992893', '973', '2022-07-11', 'DEB'),
('5048375301983564', '592', '2025-05-16', 'CRE'),
('5048375327341722', '507', '2024-11-19', 'DEB'),
('5048375367341384', '469', '2022-12-15', 'DEB'),
('5048375413602516', '555', '2025-01-15', 'DEB'),
('5048375417698817', '140', '2023-06-02', 'DEB'),
('5048375432056959', '906', '2025-08-04', 'CRE'),
('5048375464347268', '288', '2022-09-10', 'CRE'),
('5048375467671656', '749', '2022-08-06', 'CRE'),
('5048375474726907', '918', '2026-04-12', 'DEB'),
('5048375485854441', '554', '2023-07-09', 'DEB'),
('5048375489298389', '922', '2022-07-01', 'CRE'),
('5048375495577396', '537', '2025-05-11', 'DEB'),
('5048375516949004', '932', '2024-07-21', 'DEB'),
('5048375534228670', '898', '2025-06-24', 'DEB'),
('5048375604070887', '736', '2025-10-27', 'DEB'),
('5048375695874403', '664', '2024-04-25', 'DEB'),
('5048375709799075', '794', '2024-12-16', 'CRE'),
('5048375722985487', '114', '2025-08-17', 'CRE'),
('5048375726676660', '179', '2024-01-24', 'CRE'),
('5048375728561902', '881', '2022-12-25', 'DEB'),
('5048375787225589', '207', '2025-01-18', 'DEB'),
('5048375820659703', '970', '2023-07-01', 'CRE'),
('5048375827110452', '450', '2025-03-07', 'CRE'),
('5048375829214393', '170', '2023-04-17', 'DEB'),
('5048375836703685', '633', '2025-01-10', 'DEB'),
('5048375865839798', '430', '2022-11-12', 'DEB'),
('5048375872025266', '732', '2023-10-12', 'DEB'),
('5048375905057161', '398', '2026-03-10', 'DEB'),
('5048375910799336', '111', '2024-05-17', 'CRE'),
('5048375932371486', '116', '2024-03-17', 'CRE'),
('5048375949883499', '865', '2025-03-24', 'DEB'),
('5048375957530172', '854', '2022-06-10', 'CRE'),
('5048375978578556', '650', '2026-05-05', 'DEB'),
('5048375981806291', '511', '2025-03-31', 'DEB'),
('5048376047633323', '182', '2025-07-07', 'DEB'),
('5048376049155374', '333', '2023-11-24', 'DEB'),
('5048376062114332', '386', '2025-07-24', 'CRE'),
('5048376132698777', '876', '2024-02-06', 'DEB'),
('5048376134360319', '595', '2023-12-11', 'DEB'),
('5048376153133761', '676', '2025-04-06', 'DEB'),
('5048376187870420', '516', '2023-12-04', 'CRE'),
('5048376206750579', '503', '2024-07-14', 'DEB'),
('5048376224413259', '500', '2024-01-02', 'CRE'),
('5048376257836228', '412', '2026-05-11', 'CRE'),
('5048376274979373', '308', '2023-01-22', 'CRE'),
('5048376277037831', '622', '2025-12-08', 'CRE'),
('5048376340294765', '697', '2025-12-18', 'DEB'),
('5048376355520534', '365', '2023-05-14', 'DEB'),
('5048376368521453', '836', '2023-07-16', 'DEB'),
('5048376370990134', '253', '2025-11-03', 'DEB'),
('5048376435138760', '530', '2024-12-06', 'CRE'),
('5048376441193478', '242', '2022-12-26', 'DEB'),
('5048376444357039', '464', '2025-04-24', 'CRE'),
('5048376451911272', '949', '2026-05-04', 'DEB'),
('5048376463923935', '887', '2024-08-01', 'DEB'),
('5048376487579200', '934', '2023-09-06', 'CRE'),
('5048376515334529', '464', '2025-02-22', 'CRE'),
('5048376522150207', '915', '2024-10-13', 'DEB'),
('5048376528816421', '726', '2025-11-11', 'DEB'),
('5048376530856720', '498', '2023-08-15', 'CRE'),
('5048376540005730', '345', '2022-10-27', 'CRE'),
('5048376542923633', '962', '2022-11-07', 'CRE'),
('5048376603416618', '946', '2025-06-03', 'CRE'),
('5048376608110471', '565', '2022-10-11', 'DEB'),
('5048376638832714', '662', '2023-01-11', 'DEB'),
('5048376702652865', '342', '2025-09-24', 'DEB'),
('5048376737287828', '616', '2025-11-15', 'CRE'),
('5048376821238216', '151', '2025-12-03', 'CRE'),
('5048376836423118', '782', '2025-08-19', 'DEB'),
('5048376870044663', '212', '2022-08-02', 'CRE'),
('5048376881574682', '464', '2025-12-19', 'DEB'),
('5048376897216534', '388', '2024-04-01', 'CRE'),
('5048376915205212', '878', '2025-04-01', 'DEB'),
('5048376931816943', '856', '2022-08-10', 'CRE'),
('5048376964566332', '920', '2023-10-04', 'CRE'),
('5048376967421402', '310', '2024-01-02', 'DEB'),
('5048376991505378', '874', '2024-05-05', 'DEB'),
('5048377022536986', '267', '2023-05-19', 'CRE'),
('5048377032996790', '914', '2025-08-23', 'CRE'),
('5048377069993496', '678', '2022-06-28', 'DEB'),
('5048377150689078', '441', '2023-11-26', 'DEB'),
('5048377166958574', '510', '2026-05-02', 'DEB'),
('5048377179542647', '746', '2023-04-15', 'DEB'),
('5048377207876975', '356', '2025-06-25', 'CRE'),
('5048377260248013', '891', '2023-10-27', 'DEB'),
('5048377263197001', '691', '2025-06-27', 'CRE'),
('5048377271140282', '699', '2023-10-03', 'CRE'),
('5048377272349338', '657', '2023-10-17', 'CRE'),
('5048377280850046', '299', '2026-02-18', 'DEB'),
('5048377291886781', '184', '2025-04-05', 'CRE'),
('5048377298777819', '480', '2025-12-14', 'DEB'),
('5048377308653554', '750', '2025-12-24', 'DEB'),
('5048377314746202', '873', '2025-08-06', 'CRE'),
('5048377325551211', '731', '2025-08-07', 'DEB'),
('5048377332285522', '274', '2024-09-01', 'DEB'),
('5048377334583304', '637', '2025-10-28', 'DEB'),
('5048377337515337', '530', '2025-12-15', 'DEB'),
('5048377351990382', '602', '2024-09-18', 'DEB'),
('5048377357835367', '254', '2026-02-19', 'CRE'),
('5048377362892890', '812', '2024-03-31', 'CRE'),
('5048377368255290', '991', '2023-09-02', 'CRE'),
('5048377368761438', '507', '2024-03-09', 'DEB'),
('5048377398737275', '762', '2025-05-22', 'DEB'),
('5048377407483838', '285', '2022-08-20', 'DEB'),
('5048377408220643', '841', '2023-11-30', 'DEB'),
('5048377413811949', '474', '2024-09-13', 'CRE'),
('5048377431467088', '987', '2023-12-29', 'CRE'),
('5048377433397424', '153', '2023-02-24', 'CRE'),
('5048377499170236', '242', '2022-09-18', 'DEB'),
('5048377499905383', '120', '2023-03-04', 'DEB'),
('5048377526652065', '870', '2022-09-29', 'CRE'),
('5048377556457518', '190', '2022-08-26', 'DEB'),
('5048377573553299', '286', '2024-05-16', 'DEB'),
('5048377587668455', '893', '2024-04-04', 'DEB'),
('5048377611834495', '867', '2025-10-13', 'DEB'),
('5048377622065667', '686', '2025-10-03', 'DEB'),
('5048377687040696', '206', '2022-12-05', 'DEB'),
('5048377720319065', '278', '2023-01-24', 'CRE'),
('5048377725492974', '515', '2024-11-03', 'DEB'),
('5048377735052727', '369', '2022-06-26', 'CRE'),
('5048377743234424', '224', '2025-01-25', 'CRE'),
('5048377752836481', '722', '2025-06-21', 'DEB'),
('5048377763869802', '604', '2026-03-13', 'DEB'),
('5048377766377134', '327', '2023-02-12', 'DEB'),
('5048377799897132', '908', '2026-01-25', 'DEB'),
('5048377803144299', '514', '2022-12-30', 'CRE'),
('5048377815507699', '697', '2023-06-13', 'DEB'),
('5048377843752457', '685', '2022-11-09', 'DEB'),
('5048377887486863', '526', '2022-12-04', 'CRE'),
('5048377900307922', '794', '2024-11-01', 'CRE'),
('5048377933364759', '345', '2024-08-13', 'DEB'),
('5048377933914256', '810', '2025-10-11', 'DEB'),
('5048377948321570', '702', '2025-08-01', 'DEB'),
('5048377948337840', '719', '2023-02-27', 'DEB'),
('5048377963672931', '461', '2024-02-07', 'CRE'),
('5048377988596925', '867', '2024-09-22', 'DEB'),
('5048377992776240', '850', '2024-05-16', 'DEB'),
('5048378004667922', '534', '2025-11-04', 'CRE'),
('5048378009802342', '437', '2022-07-04', 'CRE'),
('5048378011901553', '623', '2023-09-26', 'DEB'),
('5048378035512469', '866', '2023-09-10', 'DEB'),
('5048378107611462', '902', '2024-03-05', 'DEB'),
('5048378122432126', '476', '2024-10-09', 'DEB'),
('5048378125834104', '609', '2025-10-30', 'CRE'),
('5048378137352020', '195', '2024-04-10', 'CRE'),
('5048378225708513', '173', '2025-11-25', 'CRE'),
('5048378262628210', '759', '2026-05-10', 'DEB'),
('5048378265849854', '893', '2024-10-02', 'DEB'),
('5048378276952812', '198', '2023-06-13', 'DEB'),
('5048378294755957', '228', '2022-08-01', 'CRE'),
('5048378352079746', '943', '2023-08-03', 'CRE'),
('5048378374851593', '919', '2024-03-10', 'CRE'),
('5048378383297051', '734', '2026-03-14', 'DEB'),
('5048378386117538', '495', '2026-04-22', 'DEB'),
('5048378411820080', '985', '2022-12-09', 'CRE'),
('5048378431362048', '761', '2023-04-21', 'DEB'),
('5048378436336021', '655', '2023-11-23', 'DEB'),
('5048378457424888', '997', '2024-08-06', 'DEB'),
('5048378470436844', '625', '2022-10-18', 'DEB'),
('5048378509457688', '960', '2023-09-10', 'DEB'),
('5048378509735398', '409', '2023-06-10', 'CRE'),
('5048378521052541', '524', '2025-04-17', 'CRE'),
('5048378555457269', '561', '2024-06-23', 'CRE'),
('5048378577198925', '639', '2024-08-30', 'DEB'),
('5048378601818662', '262', '2026-03-17', 'DEB'),
('5048378635035093', '563', '2022-09-24', 'CRE'),
('5048378681291624', '976', '2024-11-28', 'CRE'),
('5048378697835620', '765', '2026-01-16', 'CRE'),
('5048378723140482', '744', '2023-05-29', 'CRE'),
('5048378725629474', '232', '2022-06-25', 'DEB'),
('5048378730062281', '456', '2024-11-02', 'DEB'),
('5048378777250518', '431', '2024-09-16', 'DEB'),
('5048378791663753', '614', '2025-09-04', 'CRE'),
('5048378804244476', '356', '2024-11-26', 'DEB'),
('5048378808041324', '156', '2024-03-29', 'CRE'),
('5048378813097840', '870', '2025-06-27', 'DEB'),
('5048378859163852', '268', '2026-04-24', 'DEB'),
('5048378876109227', '242', '2024-11-07', 'CRE'),
('5048378882064986', '834', '2024-08-28', 'DEB'),
('5048378920689273', '223', '2025-04-12', 'CRE'),
('5048378925618467', '762', '2026-03-17', 'DEB'),
('5048378962661115', '144', '2024-06-04', 'DEB'),
('5048378963495125', '121', '2023-06-21', 'CRE'),
('5048378964393519', '977', '2025-10-05', 'CRE'),
('5048378972906575', '867', '2024-04-27', 'DEB'),
('5048378991066807', '498', '2025-02-22', 'DEB'),
('5048379032154602', '414', '2024-09-03', 'DEB'),
('5048379043669804', '287', '2024-11-23', 'DEB'),
('5048379047278099', '801', '2026-01-06', 'CRE'),
('5048379056943807', '872', '2024-05-22', 'DEB'),
('5048379083204819', '689', '2025-10-13', 'DEB'),
('5048379090894610', '419', '2026-04-14', 'DEB'),
('5048379143900935', '567', '2023-12-26', 'DEB'),
('5048379149366768', '678', '2022-12-19', 'CRE'),
('5048379216693656', '739', '2024-01-29', 'DEB'),
('5048379253586037', '655', '2026-01-04', 'CRE'),
('5048379267878008', '242', '2024-10-09', 'DEB'),
('5048379271870967', '526', '2022-11-23', 'DEB'),
('5048379275745314', '645', '2025-01-28', 'DEB'),
('5048379326978229', '427', '2023-04-23', 'DEB'),
('5048379363983678', '722', '2025-05-12', 'CRE'),
('5048379403746994', '970', '2022-05-29', 'CRE'),
('5048379417807394', '245', '2024-12-16', 'CRE'),
('5048379418500998', '671', '2024-09-15', 'DEB'),
('5048379440153238', '206', '2026-02-13', 'DEB'),
('5048379441136745', '667', '2024-01-29', 'CRE'),
('5048379461967862', '761', '2024-11-23', 'DEB'),
('5048379488113227', '899', '2023-10-12', 'DEB'),
('5048379501045844', '414', '2024-12-25', 'DEB'),
('5048379505652447', '770', '2025-08-05', 'DEB'),
('5048379512106411', '650', '2026-01-30', 'DEB'),
('5048379520171381', '856', '2025-10-13', 'CRE'),
('5048379554516717', '842', '2024-05-31', 'DEB'),
('5048379555757559', '999', '2025-04-26', 'CRE'),
('5048379589131854', '387', '2023-08-11', 'DEB'),
('5048379617291282', '762', '2025-07-26', 'CRE'),
('5048379649194850', '800', '2024-07-27', 'DEB'),
('5048379687471137', '176', '2022-08-22', 'DEB'),
('5048379712475475', '382', '2022-08-04', 'DEB'),
('5048379765176095', '736', '2023-12-04', 'CRE'),
('5048379774880091', '233', '2022-12-27', 'DEB'),
('5048379775160378', '760', '2024-02-29', 'CRE'),
('5048379784402506', '661', '2025-05-02', 'CRE'),
('5048379789741544', '711', '2025-06-29', 'CRE'),
('5048379792371081', '336', '2024-12-04', 'DEB'),
('5048379801554172', '458', '2022-11-18', 'CRE'),
('5048379827094534', '964', '2023-12-01', 'CRE'),
('5048379843128795', '253', '2022-07-28', 'CRE'),
('5048379880492591', '851', '2025-02-02', 'DEB'),
('5048379925180045', '370', '2022-08-26', 'CRE'),
('5048379927391434', '981', '2025-03-17', 'CRE'),
('5048379944684258', '524', '2024-06-05', 'DEB'),
('5048379983797185', '998', '2023-01-27', 'CRE'),
('5108750000256701', '478', '2025-02-11', 'CRE'),
('5108750003700804', '133', '2026-05-25', 'DEB'),
('5108750010317469', '262', '2025-04-29', 'DEB'),
('5108750012132635', '674', '2024-12-12', 'DEB'),
('5108750027742055', '546', '2024-09-07', 'DEB'),
('5108750045073160', '631', '2022-11-03', 'DEB'),
('5108750049260847', '249', '2024-10-27', 'DEB'),
('5108750054395405', '999', '2024-05-27', 'DEB'),
('5108750065574311', '812', '2023-09-20', 'DEB'),
('5108750081589996', '354', '2025-10-29', 'CRE'),
('5108750105251185', '858', '2023-06-02', 'DEB'),
('5108750108487125', '138', '2025-10-30', 'CRE'),
('5108750136285350', '860', '2022-05-29', 'CRE'),
('5108750177393790', '285', '2023-06-13', 'DEB'),
('5108750179837919', '153', '2024-07-02', 'DEB'),
('5108750194663316', '919', '2023-09-05', 'DEB'),
('5108750210260527', '511', '2025-09-11', 'DEB'),
('5108750245995246', '240', '2025-09-03', 'CRE'),
('5108750324695147', '704', '2024-03-08', 'DEB'),
('5108750348572447', '743', '2024-09-14', 'CRE'),
('5108750357377506', '715', '2024-12-27', 'DEB'),
('5108750384874731', '640', '2025-10-11', 'DEB'),
('5108750392618641', '653', '2024-01-18', 'DEB'),
('5108750412451627', '837', '2025-12-17', 'DEB'),
('5108750420085920', '302', '2023-09-22', 'CRE'),
('5108750420588626', '889', '2023-06-23', 'DEB'),
('5108750470883992', '174', '2023-06-28', 'DEB'),
('5108750476048038', '418', '2026-03-24', 'DEB'),
('5108750492263918', '447', '2025-11-12', 'DEB'),
('5108750535602700', '185', '2026-05-27', 'CRE'),
('5108750546174533', '266', '2023-04-13', 'DEB'),
('5108750566566642', '614', '2022-08-08', 'DEB'),
('5108750613487172', '546', '2025-05-01', 'CRE'),
('5108750681275871', '211', '2025-04-26', 'CRE'),
('5108750733059109', '501', '2024-09-10', 'CRE'),
('5108750740080874', '196', '2025-12-11', 'CRE'),
('5108750818742892', '295', '2024-05-05', 'CRE'),
('5108750828600189', '911', '2023-08-10', 'CRE'),
('5108750857197511', '560', '2023-09-11', 'DEB'),
('5108750862078698', '734', '2025-04-07', 'DEB'),
('5108750885204685', '407', '2025-01-17', 'CRE'),
('5108750891272213', '610', '2023-09-20', 'DEB'),
('5108750918762881', '409', '2026-03-26', 'CRE'),
('5108750920473121', '227', '2025-03-22', 'DEB'),
('5108750945572733', '350', '2023-02-27', 'CRE'),
('5108750974141418', '280', '2025-02-24', 'DEB'),
('5108750989931894', '301', '2024-11-12', 'DEB'),
('5108750990083826', '160', '2022-10-24', 'CRE'),
('5108751009466382', '239', '2024-07-27', 'DEB'),
('5108751137206288', '881', '2022-08-19', 'CRE'),
('5108751157574904', '611', '2022-07-25', 'DEB'),
('5108751178270201', '630', '2025-11-18', 'DEB'),
('5108751184642658', '868', '2026-01-27', 'CRE'),
('5108751193559349', '846', '2025-11-10', 'CRE'),
('5108751199379296', '559', '2022-12-05', 'CRE'),
('5108751200267704', '185', '2024-05-23', 'DEB'),
('5108751201123815', '773', '2024-07-12', 'DEB'),
('5108751212765455', '590', '2023-07-26', 'CRE'),
('5108751233729340', '556', '2025-11-16', 'CRE'),
('5108751237436645', '703', '2023-04-06', 'DEB'),
('5108751260707490', '545', '2023-06-24', 'DEB'),
('5108751298623255', '997', '2025-11-21', 'CRE'),
('5108751317435285', '893', '2025-03-28', 'DEB'),
('5108751355699628', '177', '2023-12-10', 'CRE'),
('5108751360579278', '876', '2023-08-28', 'CRE'),
('5108751376339972', '135', '2025-09-17', 'CRE'),
('5108751389530864', '502', '2026-02-06', 'CRE'),
('5108751395004821', '383', '2023-08-28', 'DEB'),
('5108751410899320', '400', '2022-08-27', 'DEB'),
('5108751415789583', '961', '2023-12-26', 'CRE'),
('5108751483260533', '130', '2022-11-27', 'DEB'),
('5108751484839210', '440', '2024-09-28', 'DEB'),
('5108751486295478', '970', '2024-12-28', 'CRE'),
('5108751505496453', '385', '2025-08-21', 'DEB'),
('5108751572059606', '535', '2024-05-25', 'CRE'),
('5108751616998496', '696', '2025-10-28', 'DEB'),
('5108751628892117', '670', '2022-11-12', 'DEB'),
('5108751642967218', '941', '2024-09-16', 'DEB'),
('5108751646786937', '386', '2023-08-30', 'CRE'),
('5108751684506783', '388', '2026-04-03', 'DEB'),
('5108751691298523', '942', '2025-03-14', 'CRE'),
('5108751694851963', '965', '2022-09-07', 'DEB'),
('5108751756611305', '150', '2024-04-25', 'DEB'),
('5108751827177419', '913', '2022-07-01', 'CRE'),
('5108751836826287', '916', '2025-09-30', 'CRE'),
('5108751837076528', '127', '2022-07-11', 'DEB'),
('5108751848026272', '729', '2024-02-02', 'DEB'),
('5108751878372711', '554', '2024-06-07', 'DEB'),
('5108751884148444', '297', '2024-11-29', 'CRE'),
('5108751885465482', '677', '2023-06-27', 'DEB'),
('5108751887551412', '807', '2024-01-11', 'DEB'),
('5108751913727648', '162', '2024-04-10', 'DEB'),
('5108751937476859', '155', '2026-05-25', 'DEB'),
('5108751974911263', '536', '2026-04-22', 'CRE'),
('5108751990983353', '237', '2024-05-26', 'CRE'),
('5108751996860605', '937', '2022-12-01', 'DEB'),
('5108751997080005', '739', '2024-09-25', 'DEB'),
('5108751999730151', '846', '2025-07-05', 'DEB'),
('5108752031344282', '721', '2025-09-11', 'DEB'),
('5108752034897666', '466', '2022-11-21', 'DEB'),
('5108752039751074', '814', '2022-06-29', 'CRE'),
('5108752042955241', '487', '2025-02-05', 'DEB'),
('5108752043843347', '556', '2023-12-20', 'CRE'),
('5108752052128804', '301', '2023-11-28', 'DEB'),
('5108752053056301', '224', '2026-02-02', 'CRE'),
('5108752054503293', '427', '2023-07-01', 'CRE'),
('5108752066761475', '740', '2024-02-12', 'DEB'),
('5108752082388535', '550', '2025-11-04', 'CRE'),
('5108752090972312', '376', '2023-09-13', 'DEB'),
('5108752117091070', '554', '2023-12-11', 'CRE'),
('5108752137093593', '470', '2023-04-06', 'CRE'),
('5108752159038237', '923', '2025-11-27', 'CRE'),
('5108752165927308', '171', '2023-03-17', 'DEB'),
('5108752288414408', '317', '2023-07-21', 'DEB'),
('5108752299054920', '582', '2024-03-01', 'DEB'),
('5108752327681165', '607', '2025-03-17', 'DEB'),
('5108752350727950', '166', '2024-10-05', 'DEB'),
('5108752367305667', '888', '2023-12-07', 'CRE'),
('5108752372110326', '603', '2025-04-01', 'CRE'),
('5108752384619975', '651', '2024-12-27', 'CRE'),
('5108752411977255', '554', '2026-03-04', 'CRE'),
('5108752466434988', '575', '2023-11-30', 'DEB'),
('5108752467488819', '947', '2026-01-23', 'CRE'),
('5108752489075420', '674', '2024-03-12', 'CRE'),
('5108752493854828', '500', '2026-04-07', 'CRE'),
('5108752540305741', '821', '2026-05-10', 'CRE'),
('5108752543460741', '848', '2024-02-23', 'CRE'),
('5108752636434017', '786', '2023-07-30', 'CRE'),
('5108752642150532', '459', '2024-03-07', 'DEB'),
('5108752643615129', '976', '2023-12-30', 'DEB'),
('5108752680278336', '800', '2023-04-17', 'CRE'),
('5108752715340093', '840', '2023-12-03', 'DEB'),
('5108752718025790', '455', '2024-03-20', 'DEB'),
('5108752726226323', '997', '2025-03-14', 'DEB'),
('5108752741740647', '415', '2025-08-30', 'DEB'),
('5108752769235538', '481', '2024-08-18', 'DEB'),
('5108752790241588', '386', '2024-09-23', 'CRE'),
('5108752809126325', '355', '2022-08-15', 'CRE'),
('5108752849260266', '771', '2022-12-02', 'DEB'),
('5108752853616072', '276', '2023-10-27', 'DEB'),
('5108752914054347', '150', '2025-06-11', 'DEB'),
('5108752926295003', '580', '2025-05-31', 'CRE'),
('5108752974012219', '438', '2024-10-28', 'CRE'),
('5108752976767018', '159', '2022-11-07', 'CRE'),
('5108752993454426', '765', '2026-03-27', 'DEB'),
('5108753023145844', '617', '2025-12-26', 'DEB'),
('5108753024312435', '401', '2023-03-09', 'CRE'),
('5108753031209871', '237', '2023-12-28', 'DEB'),
('5108753082166400', '488', '2023-04-20', 'CRE'),
('5108753100202179', '703', '2023-03-20', 'DEB'),
('5108753151791385', '888', '2024-03-06', 'CRE'),
('5108753176095598', '614', '2025-10-27', 'CRE'),
('5108753199977459', '248', '2026-03-09', 'DEB'),
('5108753201299272', '993', '2022-07-31', 'CRE'),
('5108753221926045', '576', '2024-12-15', 'CRE'),
('5108753239349875', '938', '2024-05-19', 'DEB'),
('5108753266777071', '679', '2025-11-19', 'CRE'),
('5108753316313521', '227', '2025-01-10', 'CRE'),
('5108753327415919', '375', '2025-09-30', 'DEB'),
('5108753332060130', '320', '2023-03-27', 'DEB'),
('5108753334115767', '797', '2024-10-15', 'CRE'),
('5108753388214060', '127', '2023-09-26', 'CRE'),
('5108753399522428', '974', '2025-04-19', 'DEB'),
('5108753407055627', '418', '2025-05-13', 'CRE'),
('5108753408011801', '791', '2024-08-04', 'DEB'),
('5108753424479164', '421', '2022-08-07', 'DEB'),
('5108753446571485', '350', '2023-10-07', 'CRE'),
('5108753460379658', '609', '2022-10-17', 'CRE'),
('5108753477507655', '257', '2022-09-21', 'DEB'),
('5108753484212018', '841', '2022-11-07', 'DEB'),
('5108753499981441', '352', '2025-08-05', 'CRE'),
('5108753538234687', '577', '2025-01-21', 'DEB'),
('5108753544823978', '784', '2024-10-31', 'CRE'),
('5108753573480435', '297', '2023-09-12', 'CRE'),
('5108753600080141', '700', '2023-04-06', 'CRE'),
('5108753604717391', '410', '2025-11-12', 'CRE'),
('5108753620350078', '223', '2023-12-05', 'DEB'),
('5108753633281955', '231', '2026-04-25', 'CRE'),
('5108753643337979', '515', '2023-12-19', 'CRE'),
('5108753651148441', '311', '2023-07-20', 'DEB'),
('5108753656431800', '239', '2022-06-17', 'CRE'),
('5108753672763178', '504', '2025-03-18', 'DEB'),
('5108753683300457', '925', '2024-04-01', 'DEB'),
('5108753692558707', '787', '2024-07-14', 'CRE'),
('5108753718048816', '659', '2025-02-28', 'DEB'),
('5108753727253167', '136', '2022-10-21', 'CRE'),
('5108753779370471', '642', '2025-05-14', 'DEB'),
('5108753784498267', '933', '2024-11-03', 'CRE'),
('5108753786971964', '427', '2023-07-31', 'CRE'),
('5108753789830910', '161', '2024-06-04', 'DEB'),
('5108753795325178', '795', '2026-03-30', 'DEB'),
('5108753803298672', '164', '2024-10-27', 'DEB'),
('5108753846099012', '455', '2025-08-25', 'DEB'),
('5108753851765150', '741', '2023-06-27', 'DEB'),
('5108753855344960', '868', '2023-04-24', 'DEB'),
('5108753932012002', '853', '2025-05-28', 'DEB'),
('5108753935270094', '461', '2022-06-25', 'DEB'),
('5108753944353824', '428', '2022-06-04', 'DEB'),
('5108753958227641', '934', '2023-09-08', 'CRE'),
('5108753975003306', '676', '2023-04-22', 'CRE'),
('5108753984498992', '693', '2022-10-04', 'DEB'),
('5108754029613074', '699', '2023-03-30', 'CRE'),
('5108754068388869', '484', '2023-03-12', 'DEB'),
('5108754074126394', '455', '2024-01-04', 'CRE'),
('5108754111660488', '207', '2023-04-13', 'CRE'),
('5108754132820038', '666', '2023-08-31', 'DEB'),
('5108754135969881', '615', '2025-07-27', 'DEB'),
('5108754150436907', '910', '2022-08-27', 'CRE'),
('5108754215800972', '660', '2023-11-15', 'CRE'),
('5108754229144706', '547', '2022-10-27', 'DEB'),
('5108754239865084', '216', '2022-12-27', 'DEB'),
('5108754249524325', '508', '2026-01-19', 'CRE'),
('5108754275075184', '883', '2023-04-29', 'DEB'),
('5108754285384188', '787', '2024-05-28', 'DEB'),
('5108754318006873', '318', '2025-07-23', 'DEB'),
('5108754338955125', '828', '2025-12-07', 'CRE'),
('5108754361681465', '635', '2025-05-22', 'DEB'),
('5108754362700694', '395', '2023-03-16', 'DEB'),
('5108754367455328', '964', '2022-11-13', 'DEB'),
('5108754418073252', '749', '2023-03-31', 'DEB'),
('5108754425221084', '352', '2023-08-27', 'DEB'),
('5108754443706736', '111', '2023-07-06', 'DEB'),
('5108754449894981', '356', '2025-09-07', 'CRE'),
('5108754455999278', '322', '2025-08-20', 'CRE'),
('5108754512360647', '918', '2025-06-25', 'DEB'),
('5108754515908152', '942', '2026-01-19', 'CRE'),
('5108754524967751', '383', '2023-12-03', 'CRE'),
('5108754535593893', '386', '2025-03-01', 'CRE'),
('5108754536851290', '539', '2026-01-28', 'CRE'),
('5108754548544818', '866', '2026-02-09', 'DEB'),
('5108754577788740', '475', '2026-01-17', 'CRE'),
('5108754598124776', '420', '2024-01-26', 'DEB'),
('5108754620612251', '671', '2025-12-27', 'DEB'),
('5108754648004325', '940', '2023-10-28', 'CRE'),
('5108754653327389', '913', '2024-01-18', 'CRE'),
('5108754654930512', '215', '2025-07-25', 'CRE'),
('5108754741696787', '169', '2022-08-28', 'DEB'),
('5108754742122460', '615', '2023-03-21', 'CRE'),
('5108754753711813', '799', '2024-09-11', 'CRE'),
('5108754777000904', '914', '2025-02-14', 'CRE'),
('5108754784290993', '387', '2023-10-11', 'CRE'),
('5108754823501848', '853', '2025-04-05', 'CRE'),
('5108754838427526', '997', '2022-10-03', 'DEB'),
('5108754845606963', '454', '2022-09-23', 'CRE'),
('5108754856205234', '297', '2023-11-08', 'DEB'),
('5108754888616010', '483', '2023-02-04', 'CRE'),
('5108754897810364', '544', '2024-11-04', 'DEB'),
('5108754898111937', '307', '2026-01-28', 'DEB'),
('5108754898804689', '903', '2022-07-07', 'CRE'),
('5108754905649564', '777', '2024-08-10', 'CRE'),
('5108754921402188', '609', '2026-04-24', 'DEB'),
('5108754931633780', '120', '2025-06-09', 'CRE'),
('5108754943777039', '723', '2026-05-20', 'DEB'),
('5108754966294748', '484', '2025-05-27', 'DEB'),
('5108755036413838', '111', '2022-07-07', 'CRE'),
('5108755049043150', '604', '2024-04-28', 'DEB'),
('5108755073049990', '316', '2026-04-09', 'DEB'),
('5108755077810116', '539', '2023-03-08', 'CRE'),
('5108755137210281', '911', '2023-08-16', 'CRE'),
('5108755155094658', '305', '2024-05-25', 'DEB'),
('5108755191158129', '111', '2025-05-14', 'DEB'),
('5108755192297496', '431', '2022-12-02', 'CRE'),
('5108755198156621', '981', '2023-10-31', 'DEB'),
('5108755236064019', '380', '2023-01-28', 'CRE'),
('5108755239816266', '496', '2022-12-07', 'DEB'),
('5108755248529934', '144', '2024-01-17', 'DEB'),
('5108755251250915', '695', '2026-01-02', 'DEB'),
('5108755263335720', '528', '2022-07-28', 'CRE'),
('5108755300522884', '329', '2023-05-22', 'CRE'),
('5108755311614555', '520', '2024-01-21', 'DEB'),
('5108755317940848', '284', '2022-06-15', 'DEB'),
('5108755327447909', '910', '2026-03-13', 'DEB'),
('5108755327964663', '662', '2024-12-10', 'DEB'),
('5108755342473161', '614', '2023-01-15', 'CRE'),
('5108755384233465', '321', '2025-10-09', 'DEB'),
('5108755402779754', '251', '2025-08-21', 'DEB'),
('5108755416608122', '829', '2026-05-27', 'DEB'),
('5108755481957982', '426', '2024-08-26', 'DEB'),
('5108755499155140', '768', '2022-06-19', 'DEB'),
('5108755526561039', '807', '2023-06-27', 'DEB'),
('5108755527913056', '134', '2026-05-19', 'CRE'),
('5108755543713415', '555', '2023-05-29', 'CRE'),
('5108755591440085', '145', '2024-07-14', 'CRE'),
('5108755602660200', '629', '2024-03-30', 'DEB'),
('5108755640385661', '176', '2023-10-21', 'DEB'),
('5108755688327765', '559', '2024-05-03', 'DEB'),
('5108755692590408', '883', '2023-12-18', 'DEB'),
('5108755696076743', '952', '2023-06-27', 'DEB'),
('5108755700212417', '472', '2026-02-27', 'CRE'),
('5108755719792441', '275', '2025-02-18', 'DEB'),
('5108755724047567', '706', '2025-10-07', 'CRE'),
('5108755724531016', '368', '2025-04-06', 'CRE'),
('5108755729145366', '175', '2022-08-21', 'DEB'),
('5108755764541800', '441', '2023-09-23', 'DEB'),
('5108755784279506', '125', '2024-12-24', 'CRE'),
('5108755791779043', '351', '2023-10-13', 'DEB'),
('5108755833309478', '728', '2023-10-02', 'CRE'),
('5108755835839589', '365', '2025-03-23', 'DEB'),
('5108755871836846', '503', '2024-07-31', 'DEB'),
('5108755873457344', '379', '2024-12-11', 'CRE'),
('5108755893781319', '774', '2025-06-14', 'DEB'),
('5108755937826195', '587', '2022-06-21', 'DEB'),
('5108755950759224', '313', '2024-09-01', 'CRE'),
('5108755972587918', '771', '2023-02-20', 'CRE'),
('5108756045471262', '704', '2023-11-07', 'DEB'),
('5108756050749859', '858', '2025-09-04', 'CRE'),
('5108756113893827', '542', '2022-10-14', 'CRE'),
('5108756175727657', '390', '2023-03-18', 'DEB'),
('5108756215661346', '432', '2025-09-13', 'CRE'),
('5108756256152304', '243', '2024-10-19', 'DEB'),
('5108756277180797', '897', '2023-08-20', 'CRE'),
('5108756277948284', '251', '2025-06-01', 'CRE'),
('5108756279644279', '986', '2024-07-08', 'DEB'),
('5108756280718765', '520', '2022-06-10', 'DEB'),
('5108756324497269', '646', '2023-01-19', 'CRE'),
('5108756327640261', '395', '2024-07-01', 'DEB'),
('5108756348089662', '122', '2024-12-02', 'DEB'),
('5108756393097180', '818', '2025-05-13', 'CRE'),
('5108756426355969', '321', '2023-10-23', 'DEB'),
('5108756431599791', '236', '2023-04-12', 'DEB'),
('5108756437983759', '778', '2023-08-05', 'CRE'),
('5108756444623620', '344', '2025-08-15', 'DEB'),
('5108756446030428', '523', '2024-05-12', 'CRE'),
('5108756472808317', '315', '2022-12-28', 'CRE'),
('5108756476309205', '751', '2024-07-04', 'CRE'),
('5108756529836048', '805', '2025-07-23', 'DEB'),
('5108756546077071', '224', '2024-09-24', 'DEB'),
('5108756548938346', '546', '2024-01-03', 'DEB'),
('5108756564154604', '373', '2025-10-25', 'CRE'),
('5108756567789810', '214', '2024-07-13', 'CRE'),
('5108756588885159', '387', '2025-04-12', 'DEB'),
('5108756603230183', '353', '2025-03-03', 'DEB'),
('5108756622314752', '940', '2025-01-23', 'CRE'),
('5108756655162292', '449', '2025-07-20', 'CRE'),
('5108756677108208', '918', '2025-02-09', 'DEB'),
('5108756677986587', '623', '2023-11-09', 'CRE'),
('5108756696512349', '800', '2024-04-28', 'CRE'),
('5108756717077603', '963', '2024-07-15', 'CRE'),
('5108756737807989', '171', '2022-11-27', 'CRE'),
('5108756778608668', '321', '2022-10-29', 'CRE'),
('5108756793650448', '800', '2022-11-17', 'DEB'),
('5108756801519049', '938', '2026-01-25', 'CRE'),
('5108756832804691', '512', '2023-01-30', 'DEB'),
('5108756881107871', '347', '2024-09-27', 'DEB'),
('5108756888650303', '169', '2025-12-06', 'CRE'),
('5108756968060290', '248', '2024-01-04', 'CRE'),
('5108756993424727', '225', '2023-10-30', 'CRE'),
('5108757021996363', '958', '2025-07-02', 'DEB'),
('5108757031132728', '828', '2023-10-28', 'DEB'),
('5108757033103149', '468', '2024-02-23', 'DEB'),
('5108757043106637', '627', '2023-04-10', 'DEB'),
('5108757074241816', '548', '2024-03-20', 'DEB'),
('5108757076580120', '645', '2023-05-04', 'DEB'),
('5108757128259764', '393', '2023-02-14', 'DEB'),
('5108757165451258', '583', '2023-06-08', 'DEB'),
('5108757182077946', '240', '2024-04-22', 'DEB'),
('5108757200786270', '838', '2024-04-24', 'CRE'),
('5108757255243078', '249', '2022-09-05', 'CRE'),
('5108757309367154', '238', '2026-05-17', 'DEB'),
('5108757343959123', '426', '2024-09-27', 'CRE'),
('5108757377201095', '443', '2022-08-11', 'DEB'),
('5108757382095490', '894', '2024-12-28', 'DEB'),
('5108757389387353', '739', '2022-08-02', 'DEB'),
('5108757390340532', '290', '2023-07-12', 'DEB'),
('5108757450717918', '670', '2023-10-25', 'CRE'),
('5108757463565411', '331', '2024-05-22', 'CRE'),
('5108757480078232', '657', '2022-07-07', 'DEB'),
('5108757491833096', '515', '2026-03-17', 'DEB'),
('5108757491922618', '896', '2022-08-12', 'CRE'),
('5108757511782463', '954', '2024-10-20', 'DEB'),
('5108757514556567', '449', '2024-11-05', 'DEB'),
('5108757514909998', '355', '2023-10-21', 'CRE'),
('5108757542836700', '542', '2026-03-10', 'CRE'),
('5108757586853306', '463', '2025-11-20', 'CRE'),
('5108757630851231', '661', '2023-12-05', 'DEB'),
('5108757631325326', '972', '2026-01-12', 'DEB'),
('5108757640314568', '770', '2023-02-10', 'CRE'),
('5108757640580259', '474', '2024-01-26', 'DEB'),
('5108757646351887', '127', '2024-10-08', 'DEB'),
('5108757650509602', '159', '2024-01-14', 'DEB'),
('5108757660608147', '283', '2026-04-07', 'DEB'),
('5108757666363150', '893', '2023-05-17', 'DEB'),
('5108757674607895', '598', '2022-07-15', 'DEB'),
('5108757678474771', '357', '2025-02-27', 'CRE'),
('5108757680713190', '325', '2025-07-09', 'CRE'),
('5108757697282932', '499', '2024-07-25', 'DEB'),
('5108757704868459', '393', '2023-07-07', 'DEB'),
('5108757736306965', '825', '2023-11-02', 'DEB'),
('5108757773068304', '313', '2022-10-18', 'CRE'),
('5108757777063277', '935', '2023-05-04', 'CRE'),
('5108757789397655', '237', '2024-09-25', 'CRE'),
('5108757797241028', '639', '2024-01-02', 'CRE'),
('5108757892684809', '636', '2023-05-06', 'DEB'),
('5108757913174699', '495', '2023-08-12', 'DEB'),
('5108757948618835', '503', '2023-03-08', 'CRE'),
('5108757957531457', '597', '2026-04-30', 'DEB'),
('5108758024173513', '485', '2023-01-17', 'DEB'),
('5108758024758537', '326', '2023-08-27', 'CRE'),
('5108758100180747', '550', '2025-12-15', 'DEB'),
('5108758137098417', '312', '2024-04-17', 'DEB'),
('5108758141833577', '854', '2023-07-14', 'DEB'),
('5108758142466492', '494', '2023-03-22', 'DEB'),
('5108758152261072', '657', '2023-02-25', 'DEB'),
('5108758163218194', '492', '2026-05-28', 'CRE'),
('5108758185931881', '720', '2025-01-30', 'CRE'),
('5108758194681071', '470', '2022-07-07', 'CRE'),
('5108758221632352', '527', '2025-09-07', 'DEB'),
('5108758264382295', '770', '2023-11-22', 'CRE'),
('5108758317084518', '390', '2024-09-01', 'CRE'),
('5108758361457131', '753', '2025-12-01', 'CRE'),
('5108758415478513', '415', '2022-07-23', 'DEB'),
('5108758416886870', '374', '2023-05-11', 'DEB'),
('5108758441992412', '165', '2024-08-07', 'DEB'),
('5108758451470770', '162', '2025-02-27', 'CRE'),
('5108758465123001', '578', '2025-07-05', 'DEB'),
('5108758469773074', '197', '2022-06-14', 'DEB'),
('5108758475546696', '935', '2024-11-27', 'CRE'),
('5108758476022606', '697', '2022-10-27', 'DEB'),
('5108758481138256', '493', '2025-10-31', 'CRE'),
('5108758513397367', '388', '2025-02-17', 'CRE'),
('5108758513758196', '983', '2025-01-12', 'DEB'),
('5108758519856549', '302', '2025-08-06', 'CRE'),
('5108758529735550', '748', '2025-08-14', 'CRE'),
('5108758533731660', '375', '2023-08-09', 'CRE'),
('5108758537296280', '283', '2025-07-03', 'DEB'),
('5108758554825953', '459', '2025-02-17', 'DEB'),
('5108758557243378', '810', '2025-02-12', 'DEB'),
('5108758557328625', '459', '2022-09-24', 'DEB'),
('5108758561330401', '305', '2022-11-04', 'DEB'),
('5108758563903056', '517', '2024-11-14', 'DEB'),
('5108758579370464', '588', '2023-08-10', 'DEB'),
('5108758584462835', '873', '2023-11-02', 'DEB'),
('5108758599854885', '547', '2024-07-26', 'CRE'),
('5108758604348840', '498', '2022-12-12', 'DEB'),
('5108758607040493', '636', '2025-12-06', 'CRE'),
('5108758635263059', '551', '2025-02-07', 'CRE'),
('5108758645042733', '414', '2024-09-22', 'DEB'),
('5108758649071555', '476', '2025-07-24', 'DEB'),
('5108758650553640', '150', '2025-10-04', 'DEB'),
('5108758676652939', '373', '2022-10-17', 'CRE'),
('5108758684628194', '935', '2022-12-17', 'DEB'),
('5108758698440198', '678', '2024-06-14', 'CRE'),
('5108758701769955', '631', '2024-07-04', 'DEB'),
('5108758753254385', '775', '2024-12-18', 'DEB'),
('5108758775206546', '336', '2023-09-19', 'DEB'),
('5108758781004026', '392', '2022-09-29', 'CRE'),
('5108758807459550', '497', '2026-04-13', 'CRE'),
('5108758830122803', '739', '2022-12-21', 'CRE'),
('5108758839794594', '405', '2025-11-29', 'DEB'),
('5108758889740653', '306', '2026-03-15', 'DEB'),
('5108758895634916', '331', '2024-11-25', 'CRE'),
('5108758926334395', '591', '2025-03-19', 'DEB'),
('5108758959187603', '945', '2023-04-20', 'CRE'),
('5108758959541874', '855', '2023-06-03', 'DEB'),
('5108759027938761', '486', '2024-09-12', 'DEB'),
('5108759050334680', '791', '2024-03-19', 'CRE'),
('5108759055995816', '250', '2026-01-20', 'CRE'),
('5108759073183411', '636', '2023-01-21', 'CRE'),
('5108759098506422', '493', '2023-06-21', 'DEB'),
('5108759101656362', '673', '2025-04-03', 'CRE'),
('5108759115832264', '315', '2025-06-10', 'CRE'),
('5108759116564197', '326', '2024-08-20', 'DEB'),
('5108759143884758', '198', '2025-08-26', 'DEB'),
('5108759226048297', '444', '2025-12-13', 'DEB'),
('5108759254519466', '593', '2025-01-05', 'DEB'),
('5108759259146257', '869', '2023-09-09', 'DEB'),
('5108759276036135', '949', '2023-04-27', 'DEB'),
('5108759285110343', '283', '2023-06-18', 'DEB'),
('5108759287993282', '600', '2025-10-06', 'DEB'),
('5108759300430007', '363', '2022-12-07', 'CRE'),
('5108759300700920', '640', '2023-04-25', 'CRE'),
('5108759301935954', '397', '2023-04-07', 'DEB'),
('5108759307890393', '226', '2025-07-29', 'DEB'),
('5108759337215850', '805', '2024-06-23', 'DEB'),
('5108759366234152', '280', '2024-08-27', 'DEB'),
('5108759379367064', '321', '2022-07-12', 'DEB'),
('5108759447921298', '275', '2025-01-10', 'DEB'),
('5108759466453157', '386', '2024-11-13', 'CRE'),
('5108759485899034', '529', '2026-04-21', 'DEB'),
('5108759599348209', '643', '2023-07-30', 'CRE'),
('5108759610542517', '919', '2025-07-11', 'CRE'),
('5108759621847418', '302', '2025-07-24', 'DEB'),
('5108759639645903', '428', '2023-05-13', 'CRE'),
('5108759661023771', '236', '2023-10-31', 'DEB'),
('5108759661526930', '987', '2025-12-05', 'DEB'),
('5108759674239398', '434', '2023-07-03', 'DEB'),
('5108759735225337', '850', '2022-07-28', 'CRE'),
('5108759739612696', '607', '2024-06-27', 'CRE'),
('5108759753380097', '751', '2023-09-01', 'CRE'),
('5108759792946726', '595', '2022-09-12', 'CRE'),
('5108759800621816', '678', '2024-04-14', 'CRE'),
('5108759887715994', '318', '2026-03-31', 'DEB'),
('5108759888599413', '136', '2024-10-15', 'CRE'),
('5108759900417214', '345', '2024-05-08', 'DEB'),
('5108759900659294', '271', '2025-12-10', 'DEB'),
('5108759921293925', '392', '2025-11-20', 'DEB'),
('5108759926556789', '847', '2026-02-16', 'DEB'),
('5108759941026859', '216', '2024-02-14', 'CRE'),
('5108759976355454', '146', '2024-09-28', 'DEB'),
('5108759994933175', '324', '2025-05-28', 'CRE'),
('5108759995484509', '449', '2023-11-01', 'DEB'),
('5108759999891154', '693', '2024-12-12', 'DEB');

-- --------------------------------------------------------

--
-- Table structure for table `payment_method`
--

CREATE TABLE `payment_method` (
  `payment_id` varchar(4) NOT NULL,
  `payment_type` text NOT NULL
) ENGINE=InnoDB DEFAULT CHARSET=utf8mb4 COLLATE=utf8mb4_general_ci;

--
-- Dumping data for table `payment_method`
--

INSERT INTO `payment_method` (`payment_id`, `payment_type`) VALUES
('PAY1', 'CARD'),
('PAY2', 'CASH ');

-- --------------------------------------------------------

--
-- Table structure for table `product`
--

CREATE TABLE `product` (
  `product_id` int(5) NOT NULL,
  `category_id` varchar(5) NOT NULL,
  `product_name` text NOT NULL,
  `price` double NOT NULL,
  `image` varchar(255) NOT NULL
) ENGINE=InnoDB DEFAULT CHARSET=utf8mb4 COLLATE=utf8mb4_general_ci;

--
-- Dumping data for table `product`
--

INSERT INTO `product` (`product_id`, `category_id`, `product_name`, `price`, `image`) VALUES
(16, 'CG001', '', 40, 'burger.jpg'),
(17, 'CG005', '', 15, 'pepsi 550ml.jpg'),
(18, 'CG005', '', 15, 'sprite.jpg'),
(19, 'CG003', '', 120, '.jpg'),
(20, 'CG002', '', 60, '.jpeg'),
(21, 'CG005', '', 30, '.jpg'),
(22, 'CG005', '', 35, '.jpg'),
(23, 'CG002', '', 55, '.jpg'),
(24, 'CG002', '', 70, '.jpg'),
(25, 'CG003', '', 30, '.jpg'),
(26, 'CG002', '', 60, '.jpg'),
(27, 'CG003', '', 20, '.jpg'),
(28, 'CG002', '', 50, '.jpg'),
(29, 'CG005', '', 10, '.jpg'),
(30, 'CG004', '', 25, '.jpg'),
(31, 'CG002', '', 110, '.jpg'),
(32, 'CG002', '', 40, '.jpeg'),
(33, 'CG002', '', 100, '.jpg'),
(34, 'CG002', '', 55, '.jpg');

-- --------------------------------------------------------

--
-- Table structure for table `promotion`
--

CREATE TABLE `promotion` (
  `promotion_id` varchar(10) NOT NULL,
  `expire_date` datetime NOT NULL,
  `discount` double NOT NULL,
  `minimum_cost` double NOT NULL
) ENGINE=InnoDB DEFAULT CHARSET=utf8mb4 COLLATE=utf8mb4_general_ci;

--
-- Dumping data for table `promotion`
--

INSERT INTO `promotion` (`promotion_id`, `expire_date`, `discount`, `minimum_cost`) VALUES
('D00001', '2023-05-04 00:00:00', 30, 250),
('D00002', '2024-01-01 00:00:00', 30, 100),
('D00003', '2023-05-31 00:00:00', 50, 200),
('NEWUSER10', '2023-05-02 00:00:00', 10, 60);

-- --------------------------------------------------------

--
-- Table structure for table `seat_reserve`
--

CREATE TABLE `seat_reserve` (
  `reserve_id` int(11) NOT NULL,
  `table_name` varchar(3) NOT NULL,
  `table_status` int(1) NOT NULL COMMENT '0=,1=',
  `seat_type_id` varchar(2) NOT NULL,
  `user_id` int(11) DEFAULT NULL
) ENGINE=InnoDB DEFAULT CHARSET=utf8mb4 COLLATE=utf8mb4_general_ci;

--
-- Dumping data for table `seat_reserve`
--

INSERT INTO `seat_reserve` (`reserve_id`, `table_name`, `table_status`, `seat_type_id`, `user_id`) VALUES
(1, 'A01', 0, 'SS', NULL),
(2, 'A02', 0, 'SS', NULL),
(3, 'A03', 0, 'SS', NULL),
(4, 'A04', 0, 'SS', NULL),
(5, 'A05', 0, 'SS', NULL),
(6, 'B01', 0, 'SM', NULL),
(7, 'B02', 0, 'SM', NULL),
(8, 'B03', 0, 'SM', NULL),
(9, 'B04', 0, 'SM', NULL),
(10, 'B05', 0, 'SM', NULL),
(11, 'C01', 1, 'SL', NULL),
(12, 'C02', 1, 'SL', NULL),
(13, 'C03', 1, 'SL', 17),
(14, 'C04', 0, 'SL', NULL),
(15, 'C05', 0, 'SL', NULL),
(16, 'D01', 0, 'SS', NULL),
(17, 'D02', 0, 'SS', NULL),
(18, 'D03', 0, 'SM', NULL),
(19, 'D04', 0, 'SM', NULL),
(20, 'D05', 0, 'SL', NULL);

-- --------------------------------------------------------

--
-- Table structure for table `seat_type`
--

CREATE TABLE `seat_type` (
  `seat_type_id` varchar(2) NOT NULL,
  `sizetable` varchar(10) NOT NULL,
  `sizevalue` int(10) NOT NULL
) ENGINE=InnoDB DEFAULT CHARSET=utf8mb4 COLLATE=utf8mb4_general_ci;

--
-- Dumping data for table `seat_type`
--

INSERT INTO `seat_type` (`seat_type_id`, `sizetable`, `sizevalue`) VALUES
('SL', 'Large', 8),
('SM', 'Medium', 4),
('SS', 'Small', 2);

-- --------------------------------------------------------

--
-- Table structure for table `staff_address`
--

CREATE TABLE `staff_address` (
  `staff_address_id` int(8) NOT NULL,
  `staff_id` int(7) NOT NULL,
  `staff_address_line1` text NOT NULL,
  `staff_address_line2` text DEFAULT NULL,
  `staff_city` text NOT NULL,
  `staff_province` text NOT NULL,
  `staff_postal_code` varchar(5) NOT NULL
) ENGINE=InnoDB DEFAULT CHARSET=utf8mb4 COLLATE=utf8mb4_general_ci;

--
-- Dumping data for table `staff_address`
--

INSERT INTO `staff_address` (`staff_address_id`, `staff_id`, `staff_address_line1`, `staff_address_line2`, `staff_city`, `staff_province`, `staff_postal_code`) VALUES
(1, 1, '31/199', '', '-', 'Bangkok', '10140');

-- --------------------------------------------------------

--
-- Table structure for table `staff_info`
--

CREATE TABLE `staff_info` (
  `staff_id` int(7) NOT NULL,
  `staff_firstname` varchar(20) NOT NULL,
  `staff_lastname` varchar(20) NOT NULL,
  `staff_tel` varchar(10) NOT NULL,
  `staff_DOB` date NOT NULL,
  `staff_email` varchar(30) NOT NULL,
  `staff_password` varchar(255) NOT NULL,
  `staff_gender` enum('M','F') NOT NULL,
  `vehicle_id` varchar(7) DEFAULT NULL,
  `position_id` varchar(5) NOT NULL
) ENGINE=InnoDB DEFAULT CHARSET=utf8mb4 COLLATE=utf8mb4_general_ci;

--
-- Dumping data for table `staff_info`
--

INSERT INTO `staff_info` (`staff_id`, `staff_firstname`, `staff_lastname`, `staff_tel`, `staff_DOB`, `staff_email`, `staff_password`, `staff_gender`, `vehicle_id`, `position_id`) VALUES
(1, 'MAN', 'Noppakorn', '0945128589', '2001-03-15', 'man.noppakorn@gmail.com', '248655', 'M', NULL, 'PST01'),
(2, 'Teerut', 'Phonwijit', '0882952668', '2023-05-03', 'teerut@gmail.com', '123456', 'M', NULL, 'PST02'),
(18, 'Lee', 'Bundit', '0818264902', '2023-05-03', 'leequer@hotmail.com', '159357', 'M', ' 444', 'PST03');

-- --------------------------------------------------------

--
-- Table structure for table `staff_position`
--

CREATE TABLE `staff_position` (
  `position_id` varchar(5) NOT NULL,
  `position_name` varchar(20) NOT NULL
) ENGINE=InnoDB DEFAULT CHARSET=utf8mb4 COLLATE=utf8mb4_general_ci;

--
-- Dumping data for table `staff_position`
--

INSERT INTO `staff_position` (`position_id`, `position_name`) VALUES
('PST01', 'Manager'),
('PST02', 'Staff'),
('PST03', 'Rider');

-- --------------------------------------------------------

--
-- Table structure for table `user`
--

CREATE TABLE `user` (
  `user_id` int(11) NOT NULL,
  `user_firstname` varchar(20) CHARACTER SET utf8mb4 COLLATE utf8mb4_general_ci NOT NULL,
  `user_lastname` varchar(25) CHARACTER SET utf8mb4 COLLATE utf8mb4_general_ci NOT NULL,
  `user_tel` varchar(10) CHARACTER SET utf8mb4 COLLATE utf8mb4_general_ci NOT NULL,
  `user_DOB` date NOT NULL,
  `user_gender` enum('M','F') CHARACTER SET utf8mb4 COLLATE utf8mb4_general_ci NOT NULL,
  `user_email` varchar(40) CHARACTER SET utf8mb4 COLLATE utf8mb4_general_ci NOT NULL,
  `user_password` varchar(15) CHARACTER SET utf8mb4 COLLATE utf8mb4_general_ci NOT NULL,
  `card_number` varchar(16) CHARACTER SET utf8mb4 COLLATE utf8mb4_general_ci DEFAULT NULL
) ENGINE=InnoDB DEFAULT CHARSET=utf8 COLLATE=utf8_general_ci;

--
-- Dumping data for table `user`
--

INSERT INTO `user` (`user_id`, `user_firstname`, `user_lastname`, `user_tel`, `user_DOB`, `user_gender`, `user_email`, `user_password`, `card_number`) VALUES
(1, 'Dorella', 'Merrington', '2176588460', '1988-12-01', 'F', 'dmerrington0@vistaprint.com', 'k9uJDP', '5108758141833577'),
(2, 'Torrie', 'Haruard', '6343872421', '1991-05-30', 'F', 'tharuard1@themeforest.net', 'SHweALhvP1', '5108755198156621'),
(3, 'Shawnee', 'Fossick', '9775123757', '1992-02-15', 'F', 'sfossick2@indiatimes.com', 'sGG7e1Suiu', '5048374055708525'),
(4, 'Briney', 'Ede', '4957218867', '1996-05-12', 'F', 'bede3@deliciousdays.com', 'wQ95gH', '5048375254992893'),
(5, 'Brenda', 'Tuffield', '5857423550', '1998-10-23', 'F', 'btuffield4@reddit.com', 'UY0yLE8DkV', '5108758579370464'),
(6, 'Karly', 'Padefield', '4734327683', '1973-04-21', 'F', 'kpadefield5@freewebs.com', '1Rt6tDZHs', '5108754285384188'),
(7, 'Cori', 'Cardenoso', '5761206536', '1970-10-24', 'F', 'ccardenoso6@eepurl.com', 'wXrqPmd', '5108754838427526'),
(8, 'Blondy', 'Berrick', '3689023104', '1972-08-10', 'F', 'bberrick7@networksolutions.com', '8duM0Ro5viU7', '5048374638359556'),
(9, 'Kania', 'Palmby', '7849641784', '2001-05-30', 'F', 'kpalmby8@bigcartel.com', 'wDFvQeRdwcS', '5108759287993282'),
(10, 'Lauritz', 'Gore', '9265416281', '1999-07-22', 'M', 'lgore9@ox.ac.uk', 'ftNd3clz', '5108757631325326'),
(11, 'Beatrice', 'Kermott', '7546771678', '1992-05-26', 'F', 'bkermotta@blinklist.com', 's02fbfIne1CJ', '5108755191158129'),
(12, 'Anica', 'Reiner', '1187315405', '2000-11-29', 'F', 'areinerb@youtube.com', 'WYi85lk2o', '5048371148183195'),
(13, 'Cahra', 'Hardison', '7272911623', '1988-01-25', 'F', 'chardisonc@quantcast.com', 'ycVWr7aY0dKB', '5048373956130417'),
(14, 'Westleigh', 'Bloys', '4267572872', '1987-10-09', 'M', 'wbloysd@amazonaws.com', 'RUCYjS', '5108754239865084'),
(15, 'Marabel', 'Sholl', '4745668008', '1992-11-17', 'F', 'msholle@blogtalkradio.com', 'ESwgyzH5', '5048372494005032'),
(16, 'Binky', 'Dunmore', '6087147669', '1992-02-08', 'M', 'bdunmoref@clickbank.net', 'Abm7M4', '5048378804244476'),
(17, 'Brand', 'Bravey', '2209425787', '1976-06-15', 'M', 'bbraveyg@un.org', 'Ylc2Q5q', '5048374314412067'),
(18, 'Barn', 'Busfield', '7563084534', '1971-05-02', 'M', 'bbusfieldh@meetup.com', 'aYdKJsWo', '5048370082810508'),
(19, 'Sonnie', 'Rivallant', '1205148255', '1972-01-26', 'F', 'srivallanti@vinaora.com', '7Q4Wf1tr20Qh', '5108755155094658'),
(20, 'Crawford', 'Durward', '4983531366', '1990-11-20', 'M', 'cdurwardj@mayoclinic.com', 'abGvd049', '5108757182077946'),
(21, 'Eustacia', 'Klemenz', '2228782034', '1971-12-03', 'F', 'eklemenzk@google.com', 'f38vPb', '5048373522223753'),
(22, 'Hope', 'Tordoff', '2207630380', '1981-06-12', 'F', 'htordoffl@fastcompany.com', 'O8M2zsUcrr', '5048379774880091'),
(23, 'Rollie', 'Rispine', '9574463514', '1971-05-07', 'M', 'rrispinem@si.edu', 'oeRq5KPmKuyO', '5108758650553640'),
(24, 'Cornie', 'Broadway', '1845145435', '1982-01-15', 'F', 'cbroadwayn@dropbox.com', 'chBqZ6w', '5048377398737275'),
(25, 'Maire', 'Carbonell', '4812731862', '2001-08-08', 'F', 'mcarbonello@1688.com', 'D3nF2C2DQXTl', '5108754362700694'),
(26, 'Onofredo', 'Drakes', '3436191509', '2002-11-01', 'M', 'odrakesp@miibeian.gov.cn', 'ZAzXPaQ9U', '5048370216615658'),
(27, 'Susannah', 'Enochsson', '6774641809', '1992-06-23', 'F', 'senochssonq@pinterest.com', 'TtmKIl', '5048376463923935'),
(28, 'Siouxie', 'Soppeth', '5257374021', '1999-12-24', 'F', 'ssoppethr@tumblr.com', 'fJJ3h6I4', '5048377611834495'),
(29, 'Cullan', 'Larter', '9491811907', '1978-09-06', 'M', 'clarters@nytimes.com', 'dxocwICj', '5048376967421402'),
(30, 'Cyb', 'Drysdall', '3959648565', '1992-09-19', 'F', 'cdrysdallt@ocn.ne.jp', 'QoF7cU0WA5', '5108759661023771'),
(31, 'Sarah', 'Skittle', '1441802690', '1989-05-27', 'F', 'sskittleu@sina.com.cn', 'DtM5TJ4cSK', '5048378107611462'),
(32, 'Simone', 'Kelner', '2057000256', '2000-12-05', 'F', 'skelnerv@twitter.com', '6PyUGJvp', '5108755835839589'),
(33, 'Merilyn', 'Pesticcio', '7029236910', '1978-07-05', 'F', 'mpesticciow@nyu.edu', 'yXGm3PN', '5048374043260811'),
(34, 'Torin', 'Killford', '8888457422', '1989-07-03', 'M', 'tkillfordx@ox.ac.uk', 'KKN6Y3', '5108752090972312'),
(35, 'Alane', 'Brecon', '2668822488', '1999-02-23', 'F', 'abrecony@cam.ac.uk', 'INqmCfBop', '5048371532437983'),
(36, 'Murielle', 'Stalman', '8018027336', '1989-07-30', 'F', 'mstalmanz@sina.com.cn', '34oU8GtFc5', '5108755526561039'),
(37, 'Celestia', 'Vaan', '6677907349', '1992-03-12', 'F', 'cvaan10@cbslocal.com', 'sCiqarxR', '5108754548544818'),
(38, 'Erinn', 'Pincott', '9496986014', '2003-04-21', 'F', 'epincott11@friendfeed.com', 'DveeqsZ', '5108758701769955'),
(39, 'Adrien', 'Karus', '5907282109', '1979-05-28', 'M', 'akarus12@nps.gov', 'Og2pSS', '5048379275745314'),
(40, 'Les', 'Moniker', '4435409063', '1985-06-03', 'M', 'lmoniker13@google.co.jp', '5DNVSaGJJC8', '5108751913727648'),
(41, 'Adora', 'Quest', '5183768450', '1989-03-09', 'F', 'aquest14@ezinearticles.com', '17DoTH2', '5108755416608122'),
(42, 'Dulcea', 'Roffe', '2754037969', '1979-06-02', 'F', 'droffe15@gravatar.com', '7X0A2NvAO', '5108758441992412'),
(43, 'Lorne', 'Jancy', '5118620508', '1989-10-07', 'F', 'ljancy16@yahoo.com', '9rvor5XJ229', '5108759276036135'),
(44, 'Silvester', 'Feeney', '2566802552', '1989-03-18', 'M', 'sfeeney17@narod.ru', 'iC4axlYigh7', '5048377815507699'),
(45, 'Stan', 'Olivi', '8273241765', '1976-11-14', 'M', 'solivi18@newsvine.com', 'CP71vTXQk', '5048373602326039'),
(46, 'Krystal', 'Molineux', '5466856725', '1972-11-09', 'F', 'kmolineux19@soup.io', 'cfk54E', '5108759143884758'),
(47, 'Gertrud', 'Powder', '6117429477', '1992-01-31', 'F', 'gpowder1a@mashable.com', 'TcCCIO', '5108750412451627'),
(48, 'Halley', 'Brammall', '7461143110', '1979-02-20', 'F', 'hbrammall1b@flavors.me', '2oBNems', '5048379589131854'),
(49, 'Meris', 'Woodruff', '7581359050', '1983-09-24', 'F', 'mwoodruff1c@who.int', 'nvT7G06e', '5048372922742909'),
(50, 'Warden', 'Guion', '4677750228', '1990-09-26', 'M', 'wguion1d@craigslist.org', 'jgk4M7', '5108759926556789'),
(51, 'Babita', 'Breyt', '2916263839', '1987-12-22', 'F', 'bbreyt1e@trellian.com', '3k5kUBpg', '5048378730062281'),
(52, 'Cleon', 'Prout', '6722477748', '1981-09-28', 'M', 'cprout1f@bravesites.com', 'TCkRjYkSz', '5108754275075184'),
(53, 'Friederike', 'Yakobowitch', '7377553844', '1983-07-24', 'F', 'fyakobowitch1g@domainmarket.com', 'AtHRzN', '5048379792371081'),
(54, 'Kayley', 'Quinion', '6163875399', '1989-08-10', 'F', 'kquinion1h@spotify.com', 'BYzOq8YmfqZr', '5108758684628194'),
(55, 'Vachel', 'Casoni', '2747436102', '1982-01-05', 'M', 'vcasoni1i@bandcamp.com', 'FNhLJQOoSM', '5108750974141418'),
(56, 'Elna', 'Scuffham', '5294030184', '1990-11-14', 'F', 'escuffham1j@constantcontact.com', 'E9tCrNTczqV', '5108754741696787'),
(57, 'Rayner', 'Calloway', '7888983971', '1987-11-20', 'M', 'rcalloway1k@meetup.com', 'K2JYyRAT', '5048374647000472'),
(58, 'Corbin', 'Schule', '4045796212', '1990-01-06', 'M', 'cschule1l@shop-pro.jp', 'r37DjXBTEU', '5108758926334395'),
(59, 'Abbie', 'Hessel', '1118115121', '1985-03-22', 'M', 'ahessel1m@go.com', '5yyyp3QQW0', '5048370710595208'),
(60, 'Mandie', 'Primrose', '3306125754', '1980-05-05', 'F', 'mprimrose1n@hostgator.com', 'UGXlnncRG', '5108750566566642'),
(61, 'Paddy', 'Strivens', '5922129574', '1985-03-17', 'M', 'pstrivens1o@bloomberg.com', 'SdQIvc3hf', '5048377166958574'),
(62, 'Janifer', 'Mellem', '9494715865', '1981-12-16', 'F', 'jmellem1p@google.com.hk', 'JGAYwg', '5048379687471137'),
(63, 'Berny', 'Niccolls', '1624270037', '1974-04-06', 'F', 'bniccolls1q@shinystat.com', 'wwi0OEaUd', '5048377308653554'),
(64, 'Kora', 'O\'Hartigan', '9056336220', '1979-05-06', 'F', 'kohartigan1r@pinterest.com', 'gqNr7AoO', '5108750054395405'),
(65, 'Correna', 'Fulloway', '9814493570', '1974-06-27', 'F', 'cfulloway1s@phoca.cz', 'qIMxm69Sd8g9', '5048371121901514'),
(66, 'Brigid', 'Darrigrand', '2345494772', '1985-07-13', 'F', 'bdarrigrand1t@instagram.com', '66P01uHcA', '5108758221632352'),
(67, 'Bud', 'McGirl', '4967658943', '1988-09-12', 'M', 'bmcgirl1u@google.ru', 'aRDyDv9n', '5048371757835325'),
(68, 'Roslyn', 'Ducarne', '8702766866', '1989-09-27', 'F', 'rducarne1v@howstuffworks.com', 'coljwqiX', '5048375495577396'),
(69, 'Verna', 'Quarless', '8481165060', '2001-08-18', 'F', 'vquarless1w@phpbb.com', '8s3HMd', '5048370949340624'),
(70, 'Wallie', 'Heinrich', '4158090699', '1977-12-03', 'F', 'wheinrich1x@slashdot.org', 'Pjym4TUG3rrv', '5108758645042733'),
(71, 'Boothe', 'Yakovl', '1653824350', '1981-07-21', 'M', 'byakovl1y@marketwatch.com', '6TUx3EdY4', '5108757892684809'),
(72, 'Ailyn', 'Lorraine', '9548205114', '1975-09-20', 'F', 'alorraine1z@foxnews.com', 'Tdbwf8ly', '5108752643615129'),
(73, 'Antonin', 'Mowett', '3314560752', '1996-06-25', 'M', 'amowett20@sakura.ne.jp', 'APkF1tgZK', '5048373515025231'),
(74, 'Issy', 'Garken', '6606442859', '1982-12-16', 'F', 'igarken21@shutterfly.com', 'yQwhRo1V', '5108750324695147'),
(75, 'Chickie', 'Bragginton', '1434320186', '1988-09-08', 'M', 'cbragginton22@usa.gov', 'U89sO6iD7L', '5108756175727657'),
(76, 'Ettie', 'Saunderson', '5607508156', '1983-03-18', 'F', 'esaunderson23@feedburner.com', 'Jqtb1f5S1s', '5048373421674742'),
(77, 'Jenelle', 'Bigmore', '9397883754', '1997-11-09', 'F', 'jbigmore24@vimeo.com', '2K4hlmZv', '5048373424432627'),
(78, 'Briggs', 'Veljes', '3077781867', '1999-05-08', 'M', 'bveljes25@dailymotion.com', 'aYHoBxHkJMd', '5108758604348840'),
(79, 'Briny', 'Merill', '7784986060', '1984-08-12', 'F', 'bmerill26@delicious.com', 'plVvAsbJRDd', '5048379944684258'),
(80, 'Luigi', 'Heynen', '8447596317', '1988-05-16', 'M', 'lheynen27@photobucket.com', 'SsSNfSOmMd', '5048378470436844'),
(81, 'Damiano', 'Lathee', '3852131701', '1971-08-11', 'M', 'dlathee28@360.cn', 'bIDXjx', '5048377843752457'),
(82, 'Belia', 'Shallcrass', '8973332442', '1994-05-24', 'F', 'bshallcrass29@bloglines.com', 'Djud91YC8', '5108759226048297'),
(83, 'Keefe', 'Moultrie', '7363965273', '1993-01-25', 'M', 'kmoultrie2a@apple.com', '5xutOLrES', '5108754068388869'),
(84, 'Hirsch', 'Rehorek', '4295104112', '1975-10-06', 'M', 'hrehorek2b@storify.com', 'YkS6oI', '5048370630252187'),
(85, 'Ellissa', 'Donkersley', '8611458946', '1974-08-09', 'F', 'edonkersley2c@nba.com', '3BLr0yLRup0i', '5108757650509602'),
(86, 'Benjamen', 'Torrejon', '8081861371', '1987-04-01', 'M', 'btorrejon2d@merriam-webster.com', 'a9ZAZNZ', '5108750989931894'),
(87, 'Adriano', 'Labrow', '2981760307', '1989-10-30', 'M', 'alabrow2e@geocities.com', 'WYIrlDAFR', '5108751837076528'),
(88, 'Kenny', 'Caldow', '6817335659', '1977-05-12', 'M', 'kcaldow2f@oakley.com', 'cnZC2Gy3', '5108750012132635'),
(89, 'Reese', 'Pykerman', '7266521181', '2004-03-15', 'M', 'rpykerman2g@icq.com', 'HI91Bu', '5048370382875086'),
(90, 'Letti', 'McCadden', '9543478791', '1999-03-04', 'F', 'lmccadden2h@dmoz.org', 'BFgbzf9', '5048372590613630'),
(91, 'Patrice', 'Jakeman', '7295662476', '2003-06-06', 'F', 'pjakeman2i@devhub.com', '6bdoBfR', '5048372531358253'),
(92, 'Flor', 'Piccop', '4587206800', '1977-07-14', 'F', 'fpiccop2j@photobucket.com', 'r5gEY76cWxI', '5108755402779754'),
(93, 'Colly', 'Lordon', '8546081241', '1984-11-28', 'F', 'clordon2k@e-recht24.de', 'nCVd5y1bp', '5108752726226323'),
(94, 'Rowney', 'Ganders', '4207203849', '1999-08-05', 'M', 'rganders2l@sciencedirect.com', 'I5daTDHAE7id', '5048370613827617'),
(95, 'Bartholomew', 'Hamerton', '2721385376', '2004-05-26', 'M', 'bhamerton2m@irs.gov', 'qcxQDw', '5048377799897132'),
(96, 'Carilyn', 'Kear', '5638762801', '1976-05-10', 'F', 'ckear2n@toplist.cz', 'J5hUWMGiZ', '5108758100180747'),
(97, 'Hort', 'Knotton', '1699679237', '1984-06-25', 'M', 'hknotton2o@fema.gov', 'Lg653hF', '5048376340294765'),
(98, 'Fania', 'Martine', '1092472002', '1971-10-25', 'F', 'fmartine2p@bbc.co.uk', 'rE1Wr5yImm0', '5108758561330401'),
(99, 'Alphard', 'Biggs', '9622383586', '1978-11-22', 'M', 'abiggs2q@patch.com', 'D7kdC0oHlj', '5108751684506783'),
(100, 'Mandi', 'Bausor', '3303083177', '1974-11-26', 'F', 'mbausor2r@cbsnews.com', 'aMlWZXziTAc', '5048370518894563'),
(101, 'Lucian', 'Screeton', '5408528362', '1997-08-04', 'M', 'lscreeton2s@yelp.com', 'qPNtxRl', '5108755719792441'),
(102, 'Allyce', 'Ockwell', '9034379684', '1996-09-01', 'F', 'aockwell2t@hp.com', '3MIeXOqCS7qI', '5048377933364759'),
(103, 'Laryssa', 'Carney', '8443539702', '1993-05-04', 'F', 'lcarney2u@ucoz.com', 'vHltL5I8L7lB', '5108752066761475'),
(104, 'Caesar', 'Gormally', '5136441131', '1988-10-08', 'M', 'cgormally2v@wsj.com', 'ApwjN7Wxw', '5048379143900935'),
(105, 'Freeman', 'Wadesworth', '1418521958', '1990-10-31', 'M', 'fwadesworth2w@illinois.edu', 'iRoCeYdT', '5108757697282932'),
(106, 'Bette-ann', 'Waples', '2722047615', '1998-07-11', 'F', 'bwaples2x@mashable.com', 'UvUr2Jsae', '5048375981806291'),
(107, 'Warde', 'Hindge', '9861790486', '2003-05-22', 'M', 'whindge2y@wisc.edu', 'meqQqtd7VY95', '5048370117641902'),
(108, 'Vachel', 'Edess', '7945633463', '1972-06-02', 'M', 'vedess2z@washington.edu', 'Q0UQIg06svDk', '5108757640580259'),
(109, 'Izaak', 'Willatt', '6955263138', '1996-06-06', 'M', 'iwillatt30@hao123.com', '18FShZskZeC', '5048371906931496'),
(110, 'Bastien', 'Vequaud', '3289487457', '1986-06-19', 'M', 'bvequaud31@aol.com', 'iGspzzq21bku', '5108751999730151'),
(111, 'Tedda', 'Eagling', '6201887000', '2000-11-02', 'F', 'teagling32@nsw.gov.au', 'teLaRXIZqwe5', '5048377948321570'),
(112, 'Vittoria', 'Craxford', '5794165414', '1992-03-02', 'F', 'vcraxford33@ow.ly', 'faY4iSQzJg', '5108757511782463'),
(113, 'Tiler', 'Purvis', '3069939991', '1997-09-23', 'M', 'tpurvis34@wikia.com', '2NVHaHM1Sc', '5048377332285522'),
(114, 'Christalle', 'Lapenna', '6831522121', '1984-07-14', 'F', 'clapenna35@smh.com.au', 'VhMqLl', '5048375728561902'),
(115, 'Sarine', 'Cork', '6863139554', '1997-06-09', 'F', 'scork36@wufoo.com', '8xRGP7C4T2he', '5108757480078232'),
(116, 'Fifi', 'Ruffli', '2346576448', '1985-05-25', 'F', 'fruffli37@mapquest.com', 'e8vMstTzbec', '5048373707563460'),
(117, 'Vincenz', 'Basili', '1862148684', '1996-07-22', 'M', 'vbasili38@trellian.com', 'lSAmMGz4Qu', '5048370544085087'),
(118, 'Romain', 'Garwood', '6951681873', '1993-12-25', 'M', 'rgarwood39@blinklist.com', 'ZgdB26Ublpm', '5108758753254385'),
(119, 'Opalina', 'Katzmann', '5415380546', '1981-09-11', 'F', 'okatzmann3a@mac.com', 'DPKVeYRUAJ', '5048376702652865'),
(120, 'Sheffield', 'Tenniswood', '8402831221', '1981-01-28', 'M', 'stenniswood3b@vkontakte.ru', '4VOioSNyvPpd', '5048376047633323'),
(121, 'Wade', 'Heersma', '8846780584', '1992-05-26', 'M', 'wheersma3c@posterous.com', 'Z5inki4c0x6z', '5048379271870967'),
(122, 'Town', 'Capner', '9057831050', '1979-03-31', 'M', 'tcapner3d@engadget.com', 'sintxN', '5048378813097840'),
(123, 'Mahmud', 'Nottingam', '5753239612', '1987-09-25', 'M', 'mnottingam3e@unicef.org', 'ezKGpqZHIhH', '5048371257865871'),
(124, 'Joshua', 'Solway', '5771998835', '1972-10-26', 'M', 'jsolway3f@gmpg.org', 'K2Ms5nAClK', '5048374030352464'),
(125, 'Devon', 'Bownde', '2442609419', '1990-01-07', 'F', 'dbownde3g@unblog.fr', '7k7v66Ny', '5048378962661115'),
(126, 'Aurthur', 'Brearty', '1278878940', '2004-02-18', 'M', 'abrearty3h@mashable.com', 'ls8WblP4Px', '5108751996860605'),
(127, 'Bridie', 'Edward', '8595448710', '1973-04-17', 'F', 'bedward3i@wsj.com', 'A2nxR8VMGd4m', '5108755049043150'),
(128, 'Jayme', 'Kynd', '4465991655', '1988-02-24', 'M', 'jkynd3j@sohu.com', 'xtOHXo', '5048378011901553'),
(129, 'Linc', 'Janik', '1941495766', '1978-10-24', 'M', 'ljanik3k@bbc.co.uk', 'Zgc8xEIoq', '5108752350727950'),
(130, 'Marabel', 'Lackinton', '4647371762', '2000-01-11', 'F', 'mlackinton3l@ustream.tv', 'h7tguWXNDS4l', '5048375367341384'),
(131, 'Ceil', 'Phillins', '4691817720', '1993-07-28', 'F', 'cphillins3m@ehow.com', 'gs3SCi', '5108759621847418'),
(132, 'Francois', 'Tancock', '9383629489', '1996-03-31', 'M', 'ftancock3n@oaic.gov.au', 'imNbua45', '5108753718048816'),
(133, 'Matilda', 'Braffington', '5799548909', '2001-04-28', 'F', 'mbraffington3o@bizjournals.com', 'AbtdNllz6mL6', '5108757377201095'),
(134, 'Viviana', 'Daniels', '5448741674', '1979-11-23', 'F', 'vdaniels3p@stumbleupon.com', 'oDaM6EP5pa6', '5108758554825953'),
(135, 'Lief', 'Duncklee', '9619484986', '1990-06-05', 'M', 'lduncklee3q@github.com', '5lDwEOHQ', '5108754318006873'),
(136, 'Alana', 'Marzello', '8092782647', '1973-04-11', 'F', 'amarzello3r@ocn.ne.jp', 'bkIxg9KMsU3', '5108755251250915'),
(137, 'Coop', 'Standering', '6822181041', '1976-08-24', 'M', 'cstandering3s@nydailynews.com', 'oEVXKkigskQ', '5108750065574311'),
(138, 'Dorelle', 'Wenger', '7651285571', '1991-03-15', 'F', 'dwenger3t@economist.com', 'dit51fseTpB', '5108753332060130'),
(139, 'Chanda', 'Vannoort', '9055876939', '1990-06-18', 'F', 'cvannoort3u@altervista.org', 'GEB14LZYccZX', '5048376153133761'),
(140, 'Sibylle', 'Lineham', '9006687919', '2003-08-10', 'F', 'slineham3v@tumblr.com', 'cRY3PD', '5048374657237832'),
(141, 'Maxi', 'Vowden', '5562737369', '1992-10-29', 'F', 'mvowden3w@qq.com', 'Rpl5YZ141SW', '5048373616127365'),
(142, 'Thaine', 'Lavens', '3108658785', '1978-11-21', 'M', 'tlavens3x@fastcompany.com', '9cZVre', '5108759900659294'),
(143, 'Enid', 'Ellar', '6789027496', '1989-06-21', 'F', 'eellar3y@e-recht24.de', 'xAwhqIiD9Ab', '5108751157574904'),
(144, 'Leda', 'Werrett', '2129894048', '1988-04-05', 'F', 'lwerrett3z@tumblr.com', 'gIa03G', '5108757586853306'),
(145, 'Dani', 'Foxcroft', '7144233514', '1976-01-19', 'M', 'dfoxcroft40@washington.edu', 'SqJPU0aDUG', '5108754845606963'),
(146, 'Kennedy', 'Moresby', '3903591553', '1991-09-07', 'M', 'kmoresby41@fotki.com', 'JkEt72uj', '5108752790241588'),
(147, 'North', 'Earl', '7273406803', '1996-02-05', 'M', 'nearl42@zimbio.com', 'ecdUcNNdW', '5048374702157480'),
(148, 'Emmie', 'Marmon', '6618945015', '1980-04-11', 'F', 'emarmon43@cmu.edu', 'XIJVI3XQo5', '5108751884148444'),
(149, 'Aldus', 'McCrone', '7986046696', '1974-08-28', 'M', 'amccrone44@opensource.org', 'Z9nJQMK6J632', '5048379983797185'),
(150, 'Justina', 'Bulfield', '8084431939', '1998-10-09', 'F', 'jbulfield45@omniture.com', 'uejWSsp', '5048376062114332'),
(151, 'Mel', 'Aikett', '4761940446', '1999-08-18', 'F', 'maikett46@google.com.br', 'V7BELN1Ni', '5048376931816943'),
(152, 'Staford', 'Lilleyman', '8089415120', '1989-11-16', 'M', 'slilleyman47@scribd.com', '7KzGDXydxyRJ', '5108758698440198'),
(153, 'Sarita', 'Battison', '8756632476', '1987-09-29', 'F', 'sbattison48@exblog.jp', 'liURF99e', '5108755192297496'),
(154, 'Rayshell', 'Staples', '1574382462', '1983-01-02', 'F', 'rstaples49@weibo.com', 'myeLNFjvJ2', '5108753784498267'),
(155, 'Bettine', 'Simants', '3519324433', '1973-03-11', 'F', 'bsimants4a@upenn.edu', '9NBpKVD', '5048375244502414'),
(156, 'Adolphus', 'Quilty', '3184555563', '1977-09-22', 'M', 'aquilty4b@photobucket.com', '7WtyKM', '5108756567789810'),
(157, 'Katharyn', 'Biddle', '7704038926', '1996-05-24', 'F', 'kbiddle4c@about.com', 'PePDxrnuD93A', '5108754029613074'),
(158, 'Johnath', 'Odger', '5628558521', '1997-04-12', 'F', 'jodger4d@a8.net', 'Jew2Sw2DI5ox', '5048377357835367'),
(159, 'Lucienne', 'Blacksell', '3594254132', '1990-02-12', 'F', 'lblacksell4e@arstechnica.com', 'FHmJuHhcfGs', '5108755873457344'),
(160, 'Ulberto', 'Pickburn', '5541546825', '1974-08-08', 'M', 'upickburn4f@apache.org', '7ScoAIHq', '5048372006530824'),
(161, 'Mac', 'Lessmare', '4292844686', '1994-08-28', 'M', 'mlessmare4g@mapy.cz', 'rEotGsBTVGO', '5108750136285350'),
(162, 'Moll', 'Merrison', '8566357492', '1988-02-01', 'F', 'mmerrison4h@sphinn.com', 'ibEhdTrOQoui', '5048377900307922'),
(163, 'Rafi', 'MacConnal', '9504647575', '1990-08-26', 'M', 'rmacconnal4i@chronoengine.com', 'qOxY2V6Q', '5048376821238216'),
(164, 'Rosaline', 'Harkness', '2991394466', '1988-10-13', 'F', 'rharkness4j@alibaba.com', '8cnMSPK5', '5108751974911263'),
(165, 'Babita', 'Olivera', '8153652112', '1980-07-10', 'F', 'bolivera4k@jigsy.com', 'ddY7yIc', '5048378509735398'),
(166, 'Ryun', 'Tarrant', '7147125356', '1988-07-29', 'M', 'rtarrant4l@wix.com', 'sjZR2dj', '5108751233729340'),
(167, 'Cristobal', 'Cantillon', '1408211165', '2001-03-05', 'M', 'ccantillon4m@amazon.co.jp', 'gpGGQawakI', '5108751990983353'),
(168, 'Daron', 'Smeal', '1132233710', '1995-11-18', 'F', 'dsmeal4n@latimes.com', 'z0OiswGbo', '5108754150436907'),
(169, 'Temple', 'Boom', '7009625434', '2002-11-24', 'M', 'tboom4o@zdnet.com', 'HzaZnaPy', '5048373497334544'),
(170, 'Lee', 'McGrudder', '2083841708', '1980-05-02', 'M', 'lmcgrudder4p@paypal.com', 'VtGpIrC0YEn', '5108755263335720'),
(171, 'Taddeusz', 'Marchenko', '2369903272', '1981-03-03', 'M', 'tmarchenko4q@sciencedaily.com', 'zKHLoOLr', '5108754338955125'),
(172, 'Gayla', 'Billing', '4061596006', '1985-03-17', 'F', 'gbilling4r@live.com', 'sCXbUiw5MN', '5108750000256701'),
(173, 'Briny', 'Whoston', '7198443445', '1998-07-29', 'F', 'bwhoston4s@google.ru', 'czRbZ6f', '5048375301983564'),
(174, 'Che', 'MacGillivrie', '7053162918', '1988-02-08', 'M', 'cmacgillivrie4t@imgur.com', 'bT0vEVNx6CK', '5048379765176095'),
(175, 'Vernen', 'MacRinn', '1323169308', '1998-10-10', 'M', 'vmacrinn4u@bravesites.com', 'JIG8vOADXBmK', '5108756677986587'),
(176, 'Leora', 'Weymouth', '7503121503', '2000-03-25', 'F', 'lweymouth4v@miitbeian.gov.cn', 'f33lTT', '5108750945572733'),
(177, 'Elli', 'Barkhouse', '2834799066', '1982-08-11', 'F', 'ebarkhouse4w@who.int', 'fvpDokvx', '5108754455999278'),
(178, 'Onofredo', 'Petrushanko', '3605497700', '1999-10-29', 'M', 'opetrushanko4x@sciencedirect.com', 'oCWDiqU', '5108759888599413'),
(179, 'Ervin', 'Allmann', '3116116619', '1981-04-08', 'M', 'eallmann4y@usnews.com', 'K4pXs1UrjaC8', '5108754753711813'),
(180, 'Solly', 'Trout', '4206915620', '1986-05-02', 'M', 'strout4z@issuu.com', '7Ikd0uueO', '5108756993424727'),
(181, 'Lizbeth', 'Hellikes', '9386924541', '1987-05-15', 'F', 'lhellikes50@nsw.gov.au', 'p8xMJq', '5048374715376747'),
(182, 'Gordie', 'Beeston', '1016001472', '1975-10-09', 'M', 'gbeeston51@yahoo.co.jp', 'wes1mS9ND2', '5048377271140282'),
(183, 'Margot', 'Ethelstone', '2112804784', '1993-02-21', 'F', 'methelstone52@comcast.net', 'pUGIR2', '5108754648004325'),
(184, 'Nanny', 'McOmish', '3867541455', '1995-01-08', 'F', 'nmcomish53@google.ca', 'RET5ZXMSyTc9', '5108750818742892'),
(185, 'Simeon', 'Plumstead', '2559646629', '1977-05-27', 'M', 'splumstead54@homestead.com', 'oYjnDMJs', '5048373086871112'),
(186, 'Tildi', 'Maun', '8524838686', '1977-04-09', 'F', 'tmaun55@trellian.com', 'huVXX8YV', '5048376274979373'),
(187, 'Jerrilee', 'Lydden', '1343968076', '1992-05-23', 'F', 'jlydden56@samsung.com', 'hxVuOOcMdM', '5048378964393519'),
(188, 'Silvana', 'Braune', '3432787134', '1990-03-16', 'F', 'sbraune57@t-online.de', 'w022CTzhfHj', '5108758163218194'),
(189, 'Ava', 'Enderson', '8654325956', '1991-07-24', 'F', 'aenderson58@twitter.com', '4TZfcDhFD3z', '5048374052281021'),
(190, 'Miles', 'Thickins', '3597055455', '2000-11-10', 'M', 'mthickins59@un.org', '95uRdG06sQP4', '5048372834075976'),
(191, 'Consuela', 'Ackred', '9336513175', '1987-09-01', 'F', 'cackred5a@angelfire.com', 'hHgDFgri', '5108754449894981'),
(192, 'Elbertine', 'Meyrick', '6058087993', '1979-03-04', 'F', 'emeyrick5b@usatoday.com', 'rwnEcccEFM4', '5048374208334583'),
(193, 'Kinny', 'Weeden', '2588429885', '1994-07-02', 'M', 'kweeden5c@shinystat.com', 'vaYKnJog4', '5048372243421886'),
(194, 'Solly', 'Pontain', '5095919558', '1985-07-18', 'M', 'spontain5d@friendfeed.com', 'rjJYsaL', '5108757948618835'),
(195, 'Bianca', 'Demangeot', '5174476472', '1981-06-07', 'F', 'bdemangeot5e@youtube.com', '0RLy8L58ClW', '5048379617291282'),
(196, 'Frederik', 'Muirhead', '8702256400', '1981-07-28', 'M', 'fmuirhead5f@uiuc.edu', 'K3WalBi8I', '5048375052309407'),
(197, 'Blane', 'Gowers', '2008231996', '1982-03-18', 'M', 'bgowers5g@mashable.com', '15gEge6Py', '5048375202511407'),
(198, 'Brand', 'Woolger', '9158734202', '1982-09-19', 'M', 'bwoolger5h@illinois.edu', 'JoWejIfn6w', '5108752976767018'),
(199, 'Farrell', 'Abelevitz', '9653415303', '1990-04-20', 'M', 'fabelevitz5i@hubpages.com', 'QKTj6myod', '5108758781004026'),
(200, 'Elicia', 'Mewrcik', '6881850831', '1984-07-17', 'F', 'emewrcik5j@sphinn.com', 'H5XbO7', '5048373692042744'),
(201, 'Marleah', 'Congram', '2545009781', '1982-12-09', 'F', 'mcongram5k@foxnews.com', 'h5mkYPKrBx', '5108759599348209'),
(202, 'Elliot', 'Alen', '9192148296', '1977-03-25', 'M', 'ealen5l@thetimes.co.uk', 'Yld0WVUHzTG', '5048374405437031'),
(203, 'Hazel', 'Greated', '6107665773', '1979-11-10', 'M', 'hgreated5m@loc.gov', 'QcbVRiGEk', '5108754111660488'),
(204, 'Vivie', 'Hercules', '7034486192', '1976-11-27', 'F', 'vhercules5n@ebay.com', '4CyxP9NxT', '5048375726676660'),
(205, 'Hugues', 'Panchen', '5334111863', '1977-11-02', 'M', 'hpanchen5o@issuu.com', 'gN2zyflJFs', '5048371297229476'),
(206, 'Stanislaus', 'Prew', '5093192944', '1985-10-18', 'M', 'sprew5p@boston.com', 'x5OARi4jIRs', '5108752467488819'),
(207, 'Haven', 'Shorrock', '8091407409', '1992-01-04', 'M', 'hshorrock5q@usatoday.com', '55R8zpZoj', '5048374059544363'),
(208, 'Nye', 'Gladdis', '3329182463', '1977-11-27', 'M', 'ngladdis5r@goodreads.com', 'HQKN5RiPJwdK', '5108753316313521'),
(209, 'Dolley', 'Wadham', '8612937148', '1998-02-22', 'F', 'dwadham5s@multiply.com', 'pz7pkMx4', '5048379047278099'),
(210, 'Lani', 'Cordle', '2296283769', '1989-05-11', 'F', 'lcordle5t@google.de', '79qrvdEqUr', '5048374077679910'),
(211, 'Datha', 'Hale', '1991579031', '1985-02-04', 'F', 'dhale5u@nhs.uk', 'ZP99Xk3t', '5048371844631208'),
(212, 'Beniamino', 'Rediers', '6815483131', '2003-08-06', 'M', 'brediers5v@oaic.gov.au', 'WbUWAIhGho', '5108750828600189'),
(213, 'Rochelle', 'Belk', '7055675457', '1991-01-29', 'F', 'rbelk5w@godaddy.com', 'fMUtnZIJYz', '5048371481651121'),
(214, 'Skipton', 'Isac', '2266393573', '1982-10-25', 'M', 'sisac5x@addthis.com', '1jxusJN4V', '5048372788101166'),
(215, 'Beryl', 'Widdowes', '3181877220', '1983-04-03', 'F', 'bwiddowes5y@geocities.jp', 'nHSSUI404VGz', '5108754215800972'),
(216, 'Hyacinth', 'Knott', '1179614374', '1984-01-28', 'F', 'hknott5z@nsw.gov.au', 'b7vXBaA', '5048376870044663'),
(217, 'Agosto', 'Sneddon', '9386949429', '1995-08-03', 'M', 'asneddon60@upenn.edu', '4Ab6ckpjyae', '5108752137093593'),
(218, 'Derby', 'Eagers', '7877259248', '1984-03-17', 'M', 'deagers61@google.co.uk', '7DMSKa2BWkh', '5108753082166400'),
(219, 'Maurice', 'Goldhill', '4913905916', '2000-12-25', 'M', 'mgoldhill62@multiply.com', 'KNa6NTSo', '5108756968060290'),
(220, 'Theressa', 'Kimmel', '4074839793', '1981-11-09', 'F', 'tkimmel63@ucsd.edu', 'TqHAGE5TC7Bc', '5048372260275454'),
(221, 'Torre', 'Fullun', '6859433037', '1998-11-18', 'M', 'tfullun64@themeforest.net', 'QS2GXVCQq', '5048373162076669'),
(222, 'Krishnah', 'Titherington', '9178132970', '1987-08-07', 'M', 'ktitherington65@ning.com', 'weFz92', '5048370114522386'),
(223, 'Malvin', 'Gabbett', '5405443400', '1981-03-31', 'M', 'mgabbett66@wikia.com', '55LlKF0bi7', '5048376277037831'),
(224, 'Damiano', 'Willsmore', '5844414209', '1983-06-05', 'M', 'dwillsmore67@cdc.gov', '0pGMV2876X', '5048374827709777'),
(225, 'Jeanette', 'Elfe', '9112947207', '1979-12-30', 'F', 'jelfe68@who.int', 'gFQT0ub', '5048378791663753'),
(226, 'Sigfrid', 'Postans', '3322966908', '1993-09-15', 'M', 'spostans69@sitemeter.com', 'vu2RL3INag', '5108751376339972'),
(227, 'Elbert', 'Rattray', '7224845059', '1984-03-23', 'M', 'erattray6a@independent.co.uk', '0BgVYTj1V0e', '5048379784402506'),
(228, 'Lanie', 'Enderwick', '6271245903', '1983-02-10', 'M', 'lenderwick6b@hatena.ne.jp', 'Ma1TOwgDJ5', '5108751212765455'),
(229, 'Winfred', 'Ipsly', '1213585807', '1983-11-02', 'M', 'wipsly6c@mapquest.com', 'yLrQhGOPa', '5048372421870086'),
(230, 'Silvan', 'Glencros', '5754598486', '1998-11-02', 'M', 'sglencros6d@globo.com', 'LL032m', '5048370048813661'),
(231, 'Duncan', 'McGrah', '4976429782', '1978-07-20', 'M', 'dmcgrah6e@liveinternet.ru', 'gsUH5oZOYiK', '5108752974012219'),
(232, 'Jacquenetta', 'Dorot', '6413800449', '1991-12-12', 'F', 'jdorot6f@wikimedia.org', 'qsthGPxZewEZ', '5048372409812134'),
(233, 'Sophey', 'McFaell', '1441352771', '1992-05-15', 'F', 'smcfaell6g@t-online.de', 'HRHG2mOEp6', '5108756324497269'),
(234, 'Laureen', 'Lowten', '6745006612', '2002-11-14', 'F', 'llowten6h@marriott.com', 'XS4lYk', '5048378681291624'),
(235, 'Rosana', 'Lawly', '2645067059', '1999-08-09', 'F', 'rlawly6i@google.com.au', 'kGsY4fk594w', '5108753656431800'),
(236, 'Caesar', 'Doget', '3848548713', '1975-07-06', 'M', 'cdoget6j@amazon.com', 'OQEwZhaW4PG4', '5048372804695084'),
(237, 'Crin', 'Hargrave', '5993600650', '1986-01-17', 'F', 'chargrave6k@purevolume.com', 'J6AieboH', '5108752543460741'),
(238, 'Cosme', 'Werrilow', '3855908726', '1978-04-20', 'M', 'cwerrilow6l@elpais.com', 'mn9XXTpm1', '5048371726794611'),
(239, 'Moses', 'Carlyon', '8199946827', '1996-11-21', 'M', 'mcarlyon6m@pen.io', 'kXzMCLI', '5108753958227641'),
(240, 'Rubie', 'Yielding', '6801320624', '1978-12-09', 'F', 'ryielding6n@go.com', 'gFEegP', '5108759466453157'),
(241, 'Georgia', 'Delaney', '4878114436', '2000-09-15', 'F', 'gdelaney6o@google.com', 'UNlmsyag8A', '5108750348572447'),
(242, 'Dianne', 'Redmile', '5795194295', '1990-11-27', 'F', 'dredmile6p@nps.gov', 'cPiDECz3', '5108754535593893'),
(243, 'Deidre', 'Parrish', '3687615473', '1992-08-12', 'F', 'dparrish6q@upenn.edu', 'ULnrBxQ6Mt', '5108756696512349'),
(244, 'Sonnie', 'Wintle', '3578396147', '1992-05-26', 'F', 'swintle6r@topsy.com', 'lZoycu1', '5108750245995246'),
(245, 'Ellerey', 'Brummell', '1171017845', '1982-09-16', 'M', 'ebrummell6s@cdbaby.com', 'BFG5Ssv8mAKL', '5048371504659051'),
(246, 'Trenton', 'Larimer', '2051237214', '1987-06-02', 'M', 'tlarimer6t@cyberchimps.com', 'BZoKYLYn', '5108758194681071'),
(247, 'Darsie', 'Rain', '4168903298', '1995-12-11', 'F', 'drain6u@bandcamp.com', 'MGzZX4kiii3Q', '5108756215661346'),
(248, 'Audrey', 'Bamlett', '4091686061', '1995-12-03', 'F', 'abamlett6v@reddit.com', 'lgJ2KWQ', '5048374788906438'),
(249, 'Emmit', 'Dobrowolny', '2887969853', '1998-04-16', 'M', 'edobrowolny6w@shutterfly.com', 'QDQyn12bZ', '5048372343305542'),
(250, 'Sherlock', 'Bordman', '6191411061', '1984-10-14', 'M', 'sbordman6x@miibeian.gov.cn', 'BM3E63pgUX', '5108753573480435'),
(251, 'Rosella', 'Thain', '6869364486', '1977-09-25', 'F', 'rthain6y@dagondesign.com', '8u8naiWSaHmL', '5048370965522659'),
(252, 'Ellynn', 'Schoenleiter', '1354550268', '1991-03-22', 'F', 'eschoenleiter6z@jigsy.com', 'e8lDS8p9Q', '5048376515334529'),
(253, 'Packston', 'Hardingham', '2816353589', '1989-11-16', 'M', 'phardingham70@reddit.com', 'WrNUb0AVj', '5048374971900719'),
(254, 'Gabbie', 'Pyvis', '2375165207', '1984-01-08', 'M', 'gpyvis71@arstechnica.com', 'gDX2DWwn', '5108755972587918'),
(255, 'Sergent', 'Barbera', '3232531422', '1986-09-01', 'M', 'sbarbera72@devhub.com', 'saBNX8v', '5108751360579278'),
(256, 'Kipp', 'Tebboth', '3651815247', '1995-12-07', 'M', 'ktebboth73@whitehouse.gov', 'iesdOduFaV', '5108759050334680'),
(257, 'Idette', 'Leggs', '1083686891', '1978-12-13', 'F', 'ileggs74@qq.com', '8VOjUaJwnGE', '5048371992960961'),
(258, 'Vladimir', 'Woolen', '4784005592', '1972-05-11', 'M', 'vwoolen75@ocn.ne.jp', 'DCRSPOwjpP', '5048371564078978'),
(259, 'Lena', 'Voyce', '6771703685', '1976-01-22', 'F', 'lvoyce76@youtube.com', '5m3qFf9U', '5108751298623255'),
(260, 'Brenna', 'Galia', '1711850818', '1982-04-13', 'F', 'bgalia77@google.it', 'v5Fi0ARA', '5048370359206307'),
(261, 'Nina', 'Fraczkiewicz', '1564593763', '2000-06-18', 'F', 'nfraczkiewicz78@webmd.com', 'SnHxLkTPKCVB', '5048376897216534'),
(262, 'Byrle', 'Spuner', '2937295297', '1996-08-28', 'M', 'bspuner79@edublogs.org', 'fqTQI6Qi1cF', '5048378635035093'),
(263, 'Torre', 'Biss', '3458156123', '1990-03-03', 'M', 'tbiss7a@dailymail.co.uk', 'Du53q17pv53K', '5108752053056301'),
(264, 'Cathe', 'Dutnell', '5539364824', '1980-05-06', 'F', 'cdutnell7b@adobe.com', 'JVmi3lp', '5108751486295478'),
(265, 'Algernon', 'Hush', '9867541368', '1997-09-14', 'M', 'ahush7c@thetimes.co.uk', 'Ie05coVR18WD', '5048370016380941'),
(266, 'Millicent', 'Sauvain', '9907315770', '1982-10-18', 'F', 'msauvain7d@ca.gov', 'jpUH3fa', '5108757777063277'),
(267, 'Dori', 'Deares', '8927566248', '1990-07-15', 'F', 'ddeares7e@posterous.com', 'bMlse1PwL', '5048370518695622'),
(268, 'Koenraad', 'Gettins', '3389100018', '1973-05-17', 'M', 'kgettins7f@example.com', 'MevWcd', '5048375218748688'),
(269, 'Orrin', 'Yarnell', '1902248710', '1974-03-20', 'M', 'oyarnell7g@adobe.com', '7tJCkY', '5048372710604220'),
(270, 'Chancey', 'Birney', '6796180738', '1989-06-18', 'M', 'cbirney7h@wufoo.com', 'k0uVyEWh', '5048376049155374'),
(271, 'Antin', 'Boddam', '6818932400', '2001-01-27', 'M', 'aboddam7i@hc360.com', 'lOlfOf6eBt', '5048377556457518'),
(272, 'Sheilah', 'Gingedale', '9301685076', '1974-08-11', 'F', 'sgingedale7j@vimeo.com', '2dCGoEz', '5108757128259764'),
(273, 'Catarina', 'Gouda', '8709590555', '1981-03-30', 'F', 'cgouda7k@loc.gov', '1Oyno47', '5048375141554518'),
(274, 'Stephan', 'Heppner', '1898695310', '1999-10-28', 'M', 'sheppner7l@berkeley.edu', '7FtibA15pZ8Z', '5048376522150207'),
(275, 'Mercie', 'Lettice', '1804631220', '1992-07-01', 'F', 'mlettice7m@prnewswire.com', 'gO0gxKYceCHk', '5048372424167845'),
(276, 'Ashby', 'Torrisi', '9006576938', '1987-12-18', 'M', 'atorrisi7n@nhs.uk', 'Qs2jgtMLO', '5108753100202179'),
(277, 'Daryl', 'Coverlyn', '1825066369', '1975-05-07', 'F', 'dcoverlyn7o@chron.com', 'sGTXhKou', '5108752466434988'),
(278, 'Paquito', 'Masse', '6707268247', '1986-07-31', 'M', 'pmasse7p@pcworld.com', 'AfYMUhgS', '5048378509457688'),
(279, 'Bancroft', 'Solomonides', '9519946557', '1985-01-04', 'M', 'bsolomonides7q@issuu.com', '4V36ZmH01C8e', '5108753484212018'),
(280, 'Lilla', 'Raven', '3236224559', '1981-09-24', 'F', 'lraven7r@naver.com', 'Ese96es', '5048379505652447'),
(281, 'Carmita', 'Tuohy', '5165417182', '1972-11-13', 'F', 'ctuohy7s@nba.com', 'GWVIGBgZ7', '5108752849260266'),
(282, 'Marcel', 'Aseef', '8545444142', '2001-11-16', 'M', 'maseef7t@hostgator.com', 'qDLI2zYt71', '5048376451911272'),
(283, 'Leonelle', 'De Angelo', '3757262026', '1970-11-16', 'F', 'ldeangelo7u@is.gd', 'guh7WSy8', '5108754598124776'),
(284, 'Tades', 'Piwell', '2031399278', '1978-06-10', 'M', 'tpiwell7v@indiegogo.com', 'O5Lhs2n5Hzs', '5108758775206546'),
(285, 'Lynnelle', 'Oxtarby', '6597989326', '1973-08-11', 'F', 'loxtarby7w@ezinearticles.com', 'dV7YcMDXur5', '5048372935771101'),
(286, 'Justus', 'Wyld', '4931755287', '1975-09-01', 'M', 'jwyld7x@gnu.org', 'dhmqvvGo9ix', '5108757913174699'),
(287, 'Fanchette', 'Worpole', '2113972693', '1978-01-24', 'F', 'fworpole7y@bandcamp.com', 'nLv7Dpa', '5048377325551211'),
(288, 'Mauricio', 'Banfill', '3977767754', '1979-07-17', 'M', 'mbanfill7z@reverbnation.com', '5OFQEFHw8m', '5108756832804691'),
(289, 'Ericha', 'Hassall', '3196986567', '1979-04-18', 'F', 'ehassall80@princeton.edu', 'NZ66TVj', '5108754135969881'),
(290, 'Agace', 'McGrouther', '7506910410', '1982-10-22', 'F', 'amcgrouther81@wisc.edu', '3fHARxLys8', '5048376915205212'),
(291, 'Ruby', 'Mathivat', '3944838867', '1986-04-06', 'F', 'rmathivat82@engadget.com', 'AEZGfZc', '5048378276952812'),
(292, 'Richmond', 'Brammar', '2781170011', '1985-12-11', 'M', 'rbrammar83@booking.com', 'hxfIrDKFy', '5048375099470519'),
(293, 'Gage', 'Kinsella', '8363353477', '1974-05-10', 'M', 'gkinsella84@uiuc.edu', 'Co36hu', '5048379083204819'),
(294, 'Rhonda', 'Needs', '2444379390', '1995-01-17', 'F', 'rneeds85@arizona.edu', 'NrM92H4r', '5048374872645694'),
(295, 'Millard', 'Merck', '3667246216', '2001-09-15', 'M', 'mmerck86@cargocollective.com', 'DDRWAjhMASr', '5048374774982781'),
(296, 'Sergeant', 'Hindrich', '4495027227', '1992-10-24', 'M', 'shindrich87@examiner.com', 'ujTgrMqT5', '5048377725492974'),
(297, 'Daphna', 'Durek', '8622221253', '1986-02-12', 'F', 'ddurek88@marriott.com', 'T1A8V3URg', '5048377368761438'),
(298, 'Melly', 'Karpenya', '8245700477', '1981-02-26', 'F', 'mkarpenya89@twitter.com', 'lpWpQ1umYjIr', '5048377298777819'),
(299, 'Beitris', 'Gentsch', '3815316473', '1975-10-22', 'F', 'bgentsch8a@histats.com', 'BqmkmGe', '5048377408220643'),
(300, 'Anne-marie', 'Gebb', '9051265139', '1988-09-24', 'F', 'agebb8b@about.me', 'MdI6fQBB', '5048371652526342'),
(301, 'De', 'Leicester', '1992595821', '1994-05-17', 'F', 'dleicester8c@opera.com', '04U8R4', '5108753199977459'),
(302, 'Davida', 'Peckitt', '1987069827', '1989-01-02', 'F', 'dpeckitt8d@rediff.com', 'rAvc6Dup', '5108758465123001'),
(303, 'Ranee', 'Polk', '9055744123', '1991-09-09', 'F', 'rpolk8e@aol.com', 'jtclQCNRScZk', '5048375230378498'),
(304, 'Weston', 'Ewbanks', '4798387138', '1992-04-09', 'M', 'wewbanks8f@oracle.com', 'B2G2VoPT', '5108758584462835'),
(305, 'Joane', 'Whitney', '4804627648', '2000-10-21', 'F', 'jwhitney8g@nps.gov', 'V0UlkmOn1', '5048378972906575'),
(306, 'Lira', 'Joskowitz', '4267965144', '1987-06-02', 'F', 'ljoskowitz8h@about.me', 'Pe2twG', '5048379216693656'),
(307, 'Correy', 'Pagen', '8187438108', '1986-12-22', 'F', 'cpagen8i@ifeng.com', 'SUCuIgia', '5048374680209303'),
(308, 'Freida', 'Abbess', '1736088207', '1987-01-11', 'F', 'fabbess8j@eepurl.com', 'CzaKP9W', '5048372790554683'),
(309, 'Carson', 'Renad', '2929708215', '1984-10-24', 'M', 'crenad8k@oaic.gov.au', 'iOU2NN4TOSr', '5048375417698817'),
(310, 'Cooper', 'Pane', '1683673069', '1972-03-27', 'M', 'cpane8l@hatena.ne.jp', 'CR9i6ukB', '5108753683300457'),
(311, 'Lelah', 'Dodman', '6737708778', '1976-04-28', 'F', 'ldodman8m@cdbaby.com', 'VtUZxRGiFxy', '5108755327964663'),
(312, 'Keelby', 'Hew', '5136204992', '1970-05-29', 'M', 'khew8n@drupal.org', 'BGDeBveK', '5048375787225589'),
(313, 'Christoforo', 'Pratte', '5829635635', '1974-03-25', 'M', 'cpratte8o@oracle.com', 'FIVkUD1', '5108759259146257'),
(314, 'Beck', 'Bachman', '3115769353', '1985-11-19', 'M', 'bbachman8p@creativecommons.org', 'GSm4B5WaoGH', '5048374748242726'),
(315, 'Chalmers', 'Abbey', '3854689638', '1984-10-09', 'M', 'cabbey8q@naver.com', 'EfkopsTuDgf', '5048371506178316'),
(316, 'Karel', 'Skelhorne', '7444186070', '1980-02-17', 'F', 'kskelhorne8r@forbes.com', 'Hs6wyi5x7TMk', '5048373763005901'),
(317, 'Portia', 'Bathoe', '6142204681', '1993-01-25', 'F', 'pbathoe8s@wordpress.org', 'wsGb8WUGwx', '5108755893781319'),
(318, 'Jemie', 'Isakovic', '2456958803', '1973-10-27', 'F', 'jisakovic8t@theatlantic.com', 'cObZQuLtiE', '5108751200267704'),
(319, 'Ray', 'Huckstepp', '1099764393', '1978-10-01', 'M', 'rhuckstepp8u@buzzfeed.com', 'CCBmrGhLV7', '5048372489799979'),
(320, 'Winslow', 'Rodrigues', '9009893151', '1978-02-05', 'M', 'wrodrigues8v@archive.org', 's7l2FEZqcOJ', '5108759307890393'),
(321, 'Nessie', 'Winslet', '3184417062', '1998-06-22', 'F', 'nwinslet8w@msn.com', 'F0CqxK7', '5048375045370193'),
(322, 'Matthaeus', 'Pattington', '6327087034', '1995-09-06', 'M', 'mpattington8x@sakura.ne.jp', '7YTU4sdQ', '5108756603230183'),
(323, 'Candace', 'Nickolls', '3092716796', '1975-12-03', 'F', 'cnickolls8y@mapquest.com', 'y5ALbtp7wiz', '5108755481957982'),
(324, 'Anders', 'Caroline', '1942771024', '1984-04-12', 'M', 'acaroline8z@behance.net', 'zzFDYKReWQ', '5048371879631537'),
(325, 'Jefferson', 'Gebby', '6032106488', '1982-05-28', 'M', 'jgebby90@com.com', 'sLQJFKI7517D', '5108755602660200'),
(326, 'Ferdinanda', 'Caunce', '7462623510', '1997-07-14', 'F', 'fcaunce91@omniture.com', 'SPAfhkL', '5108753789830910'),
(327, 'Caryl', 'Dimond', '3553451128', '1991-01-21', 'F', 'cdimond92@sourceforge.net', 'xGoXjHqb3W', '5108750920473121'),
(328, 'Celle', 'Twelve', '3039286275', '1988-11-22', 'F', 'ctwelve93@discovery.com', 'UsGVwjU', '5108755692590408'),
(329, 'Juline', 'Isaq', '1479515244', '2002-05-15', 'F', 'jisaq94@meetup.com', '5scC06UDmIlZ', '5108757630851231'),
(330, 'Seamus', 'Le Marquis', '6927121651', '1992-11-22', 'M', 'slemarquis95@vimeo.com', 'fyCjXaB', '5108751009466382'),
(331, 'Ewart', 'Lutz', '6748253678', '1999-06-25', 'M', 'elutz96@gmpg.org', 'FyIaFn9', '5108756548938346'),
(332, 'Ashly', 'Gribbell', '6584564506', '1974-06-08', 'F', 'agribbell97@51.la', '2iBhtiFnGH', '5048370431787332'),
(333, 'Wally', 'Worton', '1244529368', '1994-10-11', 'M', 'wworton98@shareasale.com', 'Gpz16wpv2r', '5108750357377506'),
(334, 'Boycie', 'Giacomi', '9717222913', '1986-09-25', 'M', 'bgiacomi99@arstechnica.com', 'UA0hBRv7', '5108755384233465'),
(335, 'Morissa', 'Moland', '7596838130', '2002-08-07', 'F', 'mmoland9a@forbes.com', 'FSltKd4Jv', '5108758152261072'),
(336, 'Deny', 'Jedrzejczyk', '2027844404', '1988-03-30', 'F', 'djedrzejczyk9b@dailymail.co.uk', '9MSZm1IqOJ', '5048377752836481'),
(337, 'Gwenneth', 'Dalli', '8082775274', '1974-11-28', 'F', 'gdalli9c@jimdo.com', '2yOZIpP', '5048374124992027'),
(338, 'Ewan', 'Cookman', '8777162721', '1989-02-03', 'M', 'ecookman9d@scientificamerican.com', 'pg8ZBqHcPo', '5048371971332836'),
(339, 'Graeme', 'Arlott', '6195893763', '1991-08-11', 'M', 'garlott9e@marketwatch.com', 'grZdHnnK', '5048373500065838'),
(340, 'Krystalle', 'Pinks', '6291927985', '1973-04-01', 'F', 'kpinks9f@so-net.ne.jp', 'Tl5UlPodr', '5108752031344282'),
(341, 'Nickola', 'Roberto', '9569263155', '1980-03-13', 'M', 'nroberto9g@nasa.gov', 'Asnjh6iI1', '5108751317435285'),
(342, 'Gordy', 'Meneo', '6822333382', '1984-02-08', 'M', 'gmeneo9h@psu.edu', 'WXLVk0Q2cpqo', '5108758557243378'),
(343, 'Donni', 'Soltan', '4498344450', '1979-06-10', 'F', 'dsoltan9i@delicious.com', 'M7Z3M7ugK7g', '5108753031209871'),
(344, 'Nyssa', 'Cleland', '6071651134', '1999-04-03', 'F', 'ncleland9j@merriam-webster.com', 'BogyDhj1G', '5048371908385394'),
(345, 'Leelah', 'Sancho', '1267888233', '1999-01-19', 'F', 'lsancho9k@seattletimes.com', 'P4KbCNH2ce', '5108754943777039'),
(346, 'Marge', 'Anand', '7856271383', '1998-11-17', 'F', 'manand9l@washington.edu', '9PAszf', '5108750546174533'),
(347, 'Aldrich', 'Janicki', '8975361927', '1992-10-28', 'M', 'ajanicki9m@harvard.edu', 'BobbvGgUSAo4', '5108750049260847'),
(348, 'Gypsy', 'Thomsson', '4902316153', '1982-10-13', 'F', 'gthomsson9n@jimdo.com', 'Bga9nf', '5048375872025266'),
(349, 'Say', 'Redborn', '4124346552', '1971-02-26', 'M', 'sredborn9o@reverbnation.com', 'aCqaFTz4EUrT', '5048370790493829'),
(350, 'Krishnah', 'Everwin', '3225449663', '1974-04-05', 'M', 'keverwin9p@home.pl', 'UfXW6h9q8kKg', '5108754966294748'),
(351, 'Robby', 'Prosch', '4036476264', '1981-10-22', 'M', 'rprosch9q@cbsnews.com', 'JuHQFR7HT', '5048376881574682'),
(352, 'Stanislaw', 'Bennetts', '7288926333', '1991-11-21', 'M', 'sbennetts9r@dot.gov', 'CtU2Vyn0CMn', '5108751878372711'),
(353, 'Zebedee', 'Angerstein', '3612050539', '1992-07-11', 'M', 'zangerstein9s@ucla.edu', 'aPwop2lf', '5108757074241816'),
(354, 'Conny', 'O\'Sharry', '3768323746', '1973-04-24', 'F', 'cosharry9t@blogger.com', '5mRlJj9sSc', '5108758563903056'),
(355, 'Yuma', 'Di Franceschi', '4662813195', '1979-05-26', 'M', 'ydifranceschi9u@opera.com', 'qCXCUJny', '5108755640385661'),
(356, 'Jany', 'Niesegen', '3075535422', '1988-01-08', 'F', 'jniesegen9v@xrea.com', 'OyElgEU', '5108759301935954'),
(357, 'Tara', 'Trundler', '5128225959', '2002-07-22', 'F', 'ttrundler9w@home.pl', '0McgR4BN25', '5108755311614555'),
(358, 'Pooh', 'Prester', '1809576079', '1989-02-11', 'F', 'pprester9x@theglobeandmail.com', 'L9EHkngFsP8', '5048371536234212'),
(359, 'Ernest', 'Chessill', '4885170811', '1972-02-22', 'M', 'echessill9y@instagram.com', 'AbvTtmPO', '5108750105251185'),
(360, 'Kerr', 'Eynon', '2597813441', '1989-07-14', 'M', 'keynon9z@constantcontact.com', 'qqbdeNLZ', '5108753779370471'),
(361, 'Dominique', 'Matusson', '5782985223', '1984-12-08', 'F', 'dmatussona0@ovh.net', 'QTV9GhZvm2x', '5048373526235951'),
(362, 'Garret', 'Yearsley', '8233837644', '1979-02-16', 'M', 'gyearsleya1@uol.com.br', 'RKhFI7d', '5048370611535501'),
(363, 'Gloria', 'Been', '2502773584', '1999-01-13', 'F', 'gbeena2@jalbum.net', 'LrQitpNS', '5048379418500998'),
(364, 'Angela', 'Waylen', '1551382893', '2002-01-14', 'F', 'awaylena3@europa.eu', '7EEpHgviJDym', '5048371131091694'),
(365, 'Meredeth', 'Spafford', '1917843397', '1990-06-27', 'M', 'mspafforda4@umn.edu', 'SLxwgT8', '5048373645238399'),
(366, 'Brent', 'Weber', '2394554513', '1984-06-08', 'M', 'bwebera5@domainmarket.com', 'AgqQahmny', '5108756045471262'),
(367, 'Corey', 'Tresvina', '4279802472', '1985-02-09', 'M', 'ctresvinaa6@themeforest.net', '61EdgPzLy', '5108752052128804'),
(368, 'Guillema', 'Caldes', '4033961985', '1978-05-09', 'F', 'gcaldesa7@businessinsider.com', 'gUd4pzZ8', '5048377622065667'),
(369, 'Corie', 'Lacroutz', '9607993955', '1973-09-11', 'F', 'clacroutza8@cocolog-nifty.com', 'NSqaHrZJKZeq', '5048373031434693'),
(370, 'Ginelle', 'Deeson', '2518495601', '1977-06-05', 'F', 'gdeesona9@ocn.ne.jp', 'GkC83Sgv5jn', '5048370810378455'),
(371, 'Iain', 'Dunton', '4523334901', '1983-03-26', 'M', 'iduntonaa@issuu.com', 'UjHek5iVIb', '5108757043106637'),
(372, 'Angelika', 'Yelding', '8992138271', '1988-08-03', 'F', 'ayeldingab@upenn.edu', 'Q9IHun', '5048378431362048'),
(373, 'Duke', 'Yate', '7866799761', '1997-02-28', 'M', 'dyateac@alexa.com', 'VnsEhCK', '5108759674239398'),
(374, 'Mahalia', 'Biasioni', '1514310140', '1981-05-17', 'F', 'mbiasioniad@miibeian.gov.cn', '2kbeKc1', '5048370811271857'),
(375, 'Gill', 'Baldini', '6363413427', '1985-03-28', 'F', 'gbaldiniae@instagram.com', 'VDAJM59af', '5108750857197511'),
(376, 'Alistair', 'Jerome', '3898568774', '1990-09-14', 'M', 'ajeromeaf@oaic.gov.au', '8Ux5a1LqfN', '5048370375779915'),
(377, 'Corinna', 'Raynor', '2023901566', '1983-11-25', 'F', 'craynorag@huffingtonpost.com', '0uvwncXSfb', '5048377337515337'),
(378, 'Heidi', 'Kimberley', '1599172135', '1978-08-05', 'F', 'hkimberleyah@indiegogo.com', '9XtoDLCUvV', '5048377499170236'),
(379, 'Brandtr', 'Murrells', '1972250571', '1985-04-16', 'M', 'bmurrellsai@cam.ac.uk', 'AY83n9y4V0CS', '5048372559861238'),
(380, 'Granville', 'Pittendreigh', '6333487396', '1975-08-17', 'M', 'gpittendreighaj@nationalgeographic.com', 'AU8jYiblA', '5048375949883499'),
(381, 'Estele', 'Roxburch', '5538350731', '1992-02-16', 'F', 'eroxburchak@globo.com', 'CbqG0RMnrAQ', '5108756881107871'),
(382, 'Darlleen', 'Lornsen', '8332268580', '1979-11-15', 'F', 'dlornsenal@prweb.com', 'HMdstHS', '5048375836703685'),
(383, 'Pietrek', 'Naish', '7866313356', '1973-01-09', 'M', 'pnaisham@meetup.com', 'X0OFtUv', '5108757674607895'),
(384, 'Mario', 'Kundert', '2565403412', '1974-12-20', 'M', 'mkundertan@cpanel.net', 'V9ofdX7EBwj', '5048375978578556'),
(385, 'Matteo', 'Vallintine', '4007746512', '1990-09-15', 'M', 'mvallintineao@de.vu', 'iQyn4Q6nh', '5048375829214393'),
(386, 'Allina', 'Espino', '7375080162', '1972-01-12', 'F', 'aespinoap@disqus.com', 'woXONCBBOOf8', '5048370118694017'),
(387, 'Klarrisa', 'Meagher', '1528723502', '1994-04-29', 'F', 'kmeagheraq@wikipedia.org', 'UFwjnkRS4s3Z', '5108753795325178'),
(388, 'Murial', 'Lardez', '9407839072', '1990-04-21', 'F', 'mlardezar@usda.gov', 'MXmPPHIhfd', '5108756431599791'),
(389, 'Willy', 'Wickliffe', '9412317914', '1971-10-06', 'M', 'wwickliffeas@bluehost.com', 'soraOWB9', '5108754443706736'),
(390, 'Dolph', 'Fargie', '3438740945', '1974-02-06', 'M', 'dfargieat@mozilla.com', 'NZjevzGMV', '5108753672763178'),
(391, 'Viola', 'Brinsden', '4926798856', '1993-03-11', 'F', 'vbrinsdenau@digg.com', 'lWEfPCi', '5048378383297051'),
(392, 'Adrianna', 'Woolard', '6059281342', '1984-10-21', 'F', 'awoolardav@topsy.com', '2NdgsJzKVh', '5048374501644613'),
(393, 'Therese', 'Habberjam', '8787652150', '1971-07-01', 'F', 'thabberjamaw@gizmodo.com', 'WBf8GsgTp', '5048378577198925'),
(394, 'Chris', 'Noble', '4766443548', '1971-07-14', 'M', 'cnobleax@over-blog.com', 'jjNVVGyMLD', '5048377407483838'),
(395, 'Massimo', 'Borghese', '1478249216', '1974-08-31', 'M', 'mborgheseay@printfriendly.com', 'nXovIRuyGTI', '5108754132820038'),
(396, 'Gavin', 'Goroni', '8719672026', '2003-10-23', 'M', 'ggoroniaz@ed.gov', 'c1fOgMKek', '5048378925618467'),
(397, 'Sindee', 'Creggan', '4882599478', '2001-03-05', 'F', 'scregganb0@xrea.com', 'K4hBOoTBc', '5108750476048038'),
(398, 'Barrie', 'Lymbourne', '2268669317', '1972-04-23', 'F', 'blymbourneb1@webs.com', 'jmQvuYqvz9', '5108757704868459'),
(399, 'Clem', 'Babber', '3146337938', '1976-05-11', 'M', 'cbabberb2@businessinsider.com', 'mPCXt1iZ', '5108758635263059'),
(400, 'Hastie', 'Whitmore', '9681133062', '1997-04-25', 'M', 'hwhitmoreb3@spotify.com', 'khPzuL', '5048370135093904'),
(401, 'Shelbi', 'McFadden', '6197783492', '1996-04-02', 'F', 'smcfaddenb4@youtube.com', 'jDMtRfR', '5048379925180045'),
(402, 'Cristie', 'Hutcheon', '8483370473', '1971-01-29', 'F', 'chutcheonb5@ning.com', 'ZvIQU9a', '5108751389530864'),
(403, 'Goldi', 'McNevin', '2423385066', '1980-06-14', 'F', 'gmcnevinb6@si.edu', 'PCXGJa0w', '5108757463565411'),
(404, 'Lizette', 'Visco', '8794589706', '1998-12-14', 'F', 'lviscob7@cbslocal.com', 'je3RhMbh01', '5108753544823978'),
(405, 'Obediah', 'Viney', '6194397765', '1978-06-16', 'M', 'ovineyb8@nba.com', 'h6qzfEvq', '5108757797241028'),
(406, 'Henrietta', 'Machon', '3438683674', '1972-08-19', 'F', 'hmachonb9@youku.com', 'gF8GE5yz2Zz', '5108757680713190'),
(407, 'Fifine', 'Klicher', '6721897387', '2001-01-26', 'F', 'fklicherba@thetimes.co.uk', 'VFf5DWnUIhQ', '5048370991654625'),
(408, 'Niko', 'Carville', '5108361705', '1984-10-15', 'M', 'ncarvillebb@facebook.com', '9G8LI68nsH', '5108752043843347'),
(409, 'Dorian', 'Ollie', '1169834805', '2003-09-20', 'M', 'dolliebc@dell.com', 'LxCr2pmC', '5048375467671656'),
(410, 'Berton', 'Blankman', '2035907581', '1976-01-02', 'M', 'bblankmanbd@myspace.com', 'mUP6PipuAP', '5108758317084518'),
(411, 'Powell', 'Kleen', '4961398610', '1988-07-06', 'M', 'pkleenbe@bizjournals.com', 'hC1ScMzPOK', '5108751199379296'),
(412, 'Jack', 'Jostan', '2687816674', '1999-12-16', 'M', 'jjostanbf@ft.com', 'bo1qTe7OKz', '5108755342473161'),
(413, 'Rabbi', 'McLarnon', '5969883467', '1979-05-21', 'M', 'rmclarnonbg@gov.uk', 'nVszfdLpOAAz', '5048376540005730'),
(414, 'Gaylor', 'Wilhelmy', '2723564190', '2000-11-16', 'M', 'gwilhelmybh@unblog.fr', 'nQQ9YU', '5108752809126325'),
(415, 'Heda', 'Larkins', '2966542278', '1994-11-07', 'F', 'hlarkinsbi@nba.com', 'q6Du6v', '5048370135880557'),
(416, 'Dyanna', 'Chanders', '6384827668', '2000-03-06', 'F', 'dchandersbj@bizjournals.com', 'lsZVTj', '5108757542836700'),
(417, 'Jerry', 'Danielut', '4541046063', '1988-12-05', 'M', 'jdanielutbk@businessweek.com', 'hbDyxjzOK', '5048373827224613'),
(418, 'Sally', 'Blague', '8651497740', '1979-05-23', 'F', 'sblaguebl@comcast.net', 'mLmDtIao', '5108758607040493'),
(419, 'Ludvig', 'Prescote', '7694286056', '1998-10-23', 'M', 'lprescotebm@virginia.edu', '6FzsL7UkN', '5108753201299272'),
(420, 'Seward', 'Grelik', '4491642493', '2003-05-19', 'M', 'sgrelikbn@jiathis.com', 'VakdPrCl', '5108758361457131'),
(421, 'Powell', 'Draisey', '9301723724', '1983-11-22', 'M', 'pdraiseybo@bluehost.com', 'RftbpZ', '5108753176095598'),
(422, 'Dorice', 'Tunnicliffe', '1011838008', '1972-09-17', 'F', 'dtunnicliffebp@walmart.com', 'xIr1An3Qfp', '5048378920689273'),
(423, 'Carlene', 'Tangye', '2238055648', '1983-02-14', 'F', 'ctangyebq@pbs.org', 'GShznk2n', '5048373913817858');
INSERT INTO `user` (`user_id`, `user_firstname`, `user_lastname`, `user_tel`, `user_DOB`, `user_gender`, `user_email`, `user_password`, `card_number`) VALUES
(424, 'Darby', 'Barneville', '1715838141', '1995-11-10', 'M', 'dbarnevillebr@163.com', 'g65LJUuifW', '5048377433397424'),
(425, 'Tonya', 'Martygin', '4516157724', '1994-01-27', 'F', 'tmartyginbs@rambler.ru', 'xcC1AnhL', '5048375820659703'),
(426, 'Rosa', 'Andor', '5256139811', '1999-03-11', 'F', 'randorbt@nymag.com', 'z6Bx5p', '5048374816790200'),
(427, 'Silvana', 'Shedden', '6051427999', '1985-12-29', 'F', 'ssheddenbu@businessweek.com', '1dFCFh', '5108756655162292'),
(428, 'Maxwell', 'Olpin', '2872457204', '1971-10-22', 'M', 'molpinbv@4shared.com', 'SLRc9DK', '5108757200786270'),
(429, 'Hersh', 'Durand', '2909901260', '1972-01-04', 'M', 'hdurandbw@vkontakte.ru', 'P5BmeCTvFGSZ', '5048379555757559'),
(430, 'Lombard', 'Trimnell', '4237902529', '1990-05-07', 'M', 'ltrimnellbx@google.co.uk', 'PAdNqjNsQ', '5108754515908152'),
(431, 'Dorella', 'Gilliard', '2053039327', '1983-02-17', 'F', 'dgilliardby@unesco.org', 'B12Jwr5F3A2', '5048379253586037'),
(432, 'Ewell', 'Peasby', '2609589669', '1994-09-03', 'M', 'epeasbybz@cocolog-nifty.com', 'p2aVlOQI0', '5048378009802342'),
(433, 'Giuseppe', 'Waren', '3705088543', '1985-04-04', 'M', 'gwarenc0@wikimedia.org', 'X2MNjhT', '5048370126716745'),
(434, 'Antone', 'Novak', '6572903837', '2000-11-01', 'M', 'anovakc1@posterous.com', '5GVh48sa', '5048373863969279'),
(435, 'Ferguson', 'Laugier', '3909883132', '1990-09-02', 'M', 'flaugierc2@shinystat.com', '4Kh9SyNyJDI', '5108752680278336'),
(436, 'Son', 'Holdin', '9674239305', '1991-03-01', 'M', 'sholdinc3@tinyurl.com', 'bn0B97yw4', '5048376603416618'),
(437, 'Isadore', 'Toyne', '2835146934', '1979-02-17', 'M', 'itoynec4@ow.ly', 'IDXX1zbI', '5108755700212417'),
(438, 'Chandra', 'Petrozzi', '9925351327', '2002-10-09', 'F', 'cpetrozzic5@newyorker.com', '8CeBn9FZuBX', '5048377022536986'),
(439, 'Hartwell', 'Beldam', '5007270579', '1977-05-29', 'M', 'hbeldamc6@bigcartel.com', 'MdQspauc', '5048374394421723'),
(440, 'Barnaby', 'Londsdale', '1839529388', '1984-04-10', 'M', 'blondsdalec7@domainmarket.com', 'MjYRAAF', '5048372007460617'),
(441, 'Gilli', 'Cavolini', '3082987859', '1987-07-14', 'F', 'gcavolinic8@berkeley.edu', 'h7v5Ra', '5048371943008175'),
(442, 'Lemmie', 'Icke', '4727334219', '1978-04-28', 'M', 'lickec9@uol.com.br', 'T7je6c', '5108756801519049'),
(443, 'Fredek', 'Wyllie', '3902371557', '1997-07-19', 'M', 'fwyllieca@bluehost.com', '6hE18CFk0', '5108756476309205'),
(444, 'Peirce', 'Swanton', '8981236467', '2000-07-18', 'M', 'pswantoncb@myspace.com', 'ZhVQawKYIs', '5048379843128795'),
(445, 'Marcelo', 'Drejer', '4726784706', '1978-08-21', 'M', 'mdrejercc@statcounter.com', '2VC3rr', '5108751355699628'),
(446, 'Iago', 'Gally', '4043283618', '1978-10-17', 'M', 'igallycd@mit.edu', 'XRMN7Zs', '5108754536851290'),
(447, 'Halli', 'Cahn', '4335881081', '1978-10-06', 'F', 'hcahnce@ifeng.com', 'w9C0VOX7VrQz', '5048378411820080'),
(448, 'Bibby', 'Muckley', '5298137155', '1991-10-09', 'F', 'bmuckleycf@wikipedia.org', 'p4Dn9IZx', '5048379775160378'),
(449, 'Orren', 'Vaughan', '5036448417', '1995-05-11', 'M', 'ovaughancg@themeforest.net', 'xfPZ9Q', '5048377362892890'),
(450, 'Gillian', 'Le Ball', '5577068932', '1973-11-22', 'F', 'gleballch@ameblo.jp', 'WPTNxIW1IKoR', '5108758676652939'),
(451, 'Kiele', 'Lapish', '1787740236', '1979-03-11', 'F', 'klapishci@hhs.gov', 'CvzxuKw', '5108751572059606'),
(452, 'Sheffy', 'Lowre', '5562804296', '1997-12-23', 'M', 'slowrecj@jimdo.com', 'xcTugRs', '5108753221926045'),
(453, 'Alwyn', 'Leethem', '7063393932', '1984-08-03', 'M', 'aleethemck@adobe.com', 'OjW1Nw', '5108755724531016'),
(454, 'Aeriela', 'Wilkes', '6263935667', '1970-06-05', 'F', 'awilkescl@psu.edu', 'AWEavBnq', '5048377032996790'),
(455, 'Quentin', 'Hallstone', '7976098617', '1991-12-27', 'F', 'qhallstonecm@wikia.com', 'i8LPu8dHNdP', '5048372362790392'),
(456, 'Brannon', 'Booton', '7664985443', '1990-01-09', 'M', 'bbootoncn@ucsd.edu', 'Pno66Pd', '5108758895634916'),
(457, 'Emiline', 'Featherstonhalgh', '2491594581', '1972-08-24', 'F', 'efeatherstonhalghco@salon.com', 'fENbJkv8y', '5108754777000904'),
(458, 'Alexis', 'Lenton', '7317370232', '1973-06-10', 'M', 'alentoncp@amazon.de', 'Ekxnc63xuyaE', '5048372467369936'),
(459, 'Anastasie', 'Syred', '8999038573', '1981-02-03', 'F', 'asyredcq@bbb.org', 'ZKEosokl', '5108756113893827'),
(460, 'Clarette', 'Aleshkov', '1281614087', '1983-07-18', 'F', 'caleshkovcr@bizjournals.com', 'NW99g8nr', '5108755077810116'),
(461, 'Clement', 'Figgs', '6169559093', '1985-01-29', 'M', 'cfiggscs@skyrock.com', 'xAncK86C0v2H', '5108756622314752'),
(462, 'Candice', 'Englishby', '4762871820', '2003-11-09', 'F', 'cenglishbyct@clickbank.net', 'HPe9KL', '5048373303302016'),
(463, 'Mariya', 'Scothorn', '3175863150', '1987-01-07', 'F', 'mscothorncu@yellowbook.com', 'sjomhe3fFFV', '5048370881678858'),
(464, 'Haze', 'Lafay', '4466177648', '1990-05-05', 'M', 'hlafaycv@wordpress.org', '7IMuRh0PDYS', '5108754888616010'),
(465, 'Rory', 'Thurstan', '8783416530', '1977-05-09', 'M', 'rthurstancw@skype.com', 'blcPqpxV8L', '5048372757160805'),
(466, 'Artemas', 'Berthon', '9366581770', '1971-08-08', 'M', 'aberthoncx@state.tx.us', 'vaXSoqAR', '5108755300522884'),
(467, 'Ebba', 'Gligorijevic', '2873799193', '1981-04-14', 'F', 'egligorijeviccy@edublogs.org', 'W0C3uFZGQbxg', '5108756737807989'),
(468, 'Candra', 'Kembery', '6851085251', '1985-01-11', 'F', 'ckemberycz@ihg.com', '3V8sYAlwOM', '5048374392414639'),
(469, 'Agna', 'Heller', '8028936302', '2002-10-01', 'F', 'ahellerd0@odnoklassniki.ru', 'qHFftMPOc', '5108754898804689'),
(470, 'Fanya', 'Jerrams', '4628161647', '1997-11-12', 'F', 'fjerramsd1@php.net', 'sxnT3jmr4XgF', '5048371653715662'),
(471, 'Tarra', 'Bramford', '8931928611', '1980-06-13', 'F', 'tbramfordd2@columbia.edu', '9cEOnoeK', '5108756393097180'),
(472, 'Renae', 'Devorill', '6122613370', '1977-01-24', 'F', 'rdevorilld3@utexas.edu', 'ARGJhP', '5108756277948284'),
(473, 'Graig', 'Searchwell', '1045981237', '1977-09-23', 'M', 'gsearchwelld4@amazon.co.uk', 'DIlZg9E', '5048378555457269'),
(474, 'Hedy', 'Andreou', '9364762843', '1989-12-21', 'F', 'handreoud5@dagondesign.com', '3SBD95pA4', '5048376187870420'),
(475, 'Sigmund', 'Breed', '6587103551', '1977-02-23', 'M', 'sbreedd6@scribd.com', 'dO73Amr', '5108751137206288'),
(476, 'Terri', 'Roston', '7839555013', '1991-11-09', 'M', 'trostond7@samsung.com', 'fsJXMma', '5108754823501848'),
(477, 'Almeria', 'Studman', '6788389086', '1990-11-15', 'F', 'astudmand8@pcworld.com', '9HtAANQPYvcB', '5048373688282908'),
(478, 'Corey', 'Jopson', '7712785501', '1984-03-12', 'F', 'cjopsond9@telegraph.co.uk', 'QIxLi4D', '5108753151791385'),
(479, 'Eunice', 'McGilroy', '3272254443', '1974-01-30', 'F', 'emcgilroyda@marriott.com', 'XKfBi6', '5048379927391434'),
(480, 'Karilynn', 'Passingham', '4932578366', '2000-08-29', 'F', 'kpassinghamdb@usnews.com', '20JCQ1Ms3', '5048374946584515'),
(481, 'Thorstein', 'Ivanenko', '8842389628', '1985-08-19', 'M', 'tivanenkodc@rambler.ru', 'YAvNIxf', '5048373039251628'),
(482, 'Sawyer', 'Halford', '9993608072', '1988-03-22', 'M', 'shalforddd@foxnews.com', '4SZIhG5uxUU', '5108758476022606'),
(483, 'Spike', 'Amort', '7606883554', '1978-04-14', 'M', 'samortde@about.com', 'CVHABCLw', '5048373764572412'),
(484, 'Horst', 'McChruiter', '2122654704', '1971-10-11', 'M', 'hmcchruiterdf@virginia.edu', 'qnS8q5j6J', '5108755239816266'),
(485, 'Norton', 'Odgers', '1248799265', '1993-05-04', 'M', 'nodgersdg@cbc.ca', 'UGH3mqT', '5108756444623620'),
(486, 'Belinda', 'Sheehan', '8922405066', '1995-06-06', 'F', 'bsheehandh@spiegel.de', 'wWoCfYmn5', '5108756546077071'),
(487, 'Gawen', 'Dixsee', '4997087245', '1976-03-27', 'M', 'gdixseedi@seattletimes.com', '5CLMcNFc', '5108750177393790'),
(488, 'Aldus', 'Casellas', '3539997336', '1991-05-12', 'M', 'acasellasdj@psu.edu', 'MdY5IH', '5048370193663572'),
(489, 'Matteo', 'Quarton', '8194898397', '1999-03-04', 'M', 'mquartondk@mysql.com', 'JD6Ys6', '5048376134360319'),
(490, 'Shurlocke', 'Codi', '2972789030', '1972-03-04', 'M', 'scodidl@answers.com', '0Q1bufXRP', '5108755791779043'),
(491, 'Thornie', 'Blackater', '5395445690', '1977-08-14', 'M', 'tblackaterdm@va.gov', 'Wvzi8Mt', '5048376638832714'),
(492, 'Ali', 'Francey', '9663006848', '1978-03-20', 'M', 'afranceydn@reverbnation.com', 'g7oSIo94Hb', '5048372784055341'),
(493, 'Phineas', 'Worsfield', '4409008180', '1999-03-22', 'M', 'pworsfielddo@timesonline.co.uk', 'UVyXfVBUYZS', '5108755073049990'),
(494, 'Frants', 'McAvin', '4766064607', '1977-10-09', 'M', 'fmcavindp@about.me', '7xOB4Dvk', '5048371870957287'),
(495, 'Spencer', 'Lowles', '9932677493', '1984-01-20', 'M', 'slowlesdq@nationalgeographic.com', 'vIvbRsptI', '5048374114812052'),
(496, 'Brynna', 'Cleary', '6056493872', '1998-09-15', 'F', 'bclearydr@accuweather.com', '1AC6oRcR', '5048370411208044'),
(497, 'Jessamyn', 'Leppard', '7004759129', '1982-08-31', 'F', 'jleppardds@spiegel.de', 'vBT6UUL0', '5048372648349344'),
(498, 'Nadean', 'Espino', '8861678948', '1974-05-13', 'F', 'nespinodt@unesco.org', 'gmtd84Q5e', '5048372415629407'),
(499, 'Park', 'Trowell', '1232899154', '1976-02-14', 'M', 'ptrowelldu@dedecms.com', 'NrRtR0oGUhXt', '5048373588995419'),
(500, 'Tobe', 'Petrakov', '8022315451', '1987-08-16', 'M', 'tpetrakovdv@addthis.com', 'wTt3Z2oMtG', '5108751885465482'),
(501, 'Felike', 'Plaide', '9583859370', '1999-02-03', 'M', 'fplaidedw@foxnews.com', 'K3wxXbGfC5', '5048376608110471'),
(502, 'Valentijn', 'Hyndley', '4901546732', '1975-05-13', 'M', 'vhyndleydx@yale.edu', 'tdYiN3yHbH9C', '5108752718025790'),
(503, 'Brianne', 'Workes', '2078963631', '1990-11-01', 'F', 'bworkesdy@skype.com', 'cETwMAK4', '5048376368521453'),
(504, 'Alanna', 'McGonigle', '9914620054', '1970-08-31', 'F', 'amcgonigledz@paypal.com', 'yVfRaA3h', '5048370283683902'),
(505, 'Roby', 'Bispham', '2423234517', '1984-10-13', 'F', 'rbisphame0@woothemes.com', '30E1wcGLW3BP', '5048379712475475'),
(506, 'Marilin', 'Bonicelli', '8896542988', '1984-04-16', 'F', 'mbonicellie1@chicagotribune.com', 'Pu5ahOFF', '5108752299054920'),
(507, 'Natalee', 'McClymont', '5496403092', '1996-02-08', 'F', 'nmcclymonte2@japanpost.jp', 'DTa8wcTAg', '5108750420588626'),
(508, 'Chic', 'O\' Bee', '8848763880', '2001-01-01', 'M', 'cobeee3@gnu.org', '5U2H0eGRGy', '5108752034897666'),
(509, 'Petronia', 'Gethins', '2535387579', '1985-05-26', 'F', 'pgethinse4@ucsd.edu', '0YIAUTXAM', '5048378122432126'),
(510, 'Nomi', 'Kellar', '7853709776', '1974-01-01', 'F', 'nkellare5@dedecms.com', '1GzJMwd', '5108751483260533'),
(511, 'Grove', 'O\'Kerin', '2291547327', '2001-11-04', 'M', 'gokerine6@networksolutions.com', 'dEBzm1', '5048371322425719'),
(512, 'Jacquelin', 'Rusbridge', '7412328095', '1981-02-19', 'F', 'jrusbridgee7@pinterest.com', 'miU4ug', '5048372180179927'),
(513, 'Clem', 'Dabernott', '9576484027', '1995-04-06', 'M', 'cdabernotte8@vimeo.com', 'd9CqeWl3', '5048374412001564'),
(514, 'Sherwin', 'Pippard', '3757647697', '1994-02-04', 'M', 'spipparde9@slideshare.net', 'dCgmq3nRW3b', '5048378777250518'),
(515, 'Tadd', 'Franzman', '9889146913', '1986-01-19', 'M', 'tfranzmanea@businessinsider.com', 'aMHiH7', '5048379501045844'),
(516, 'Benni', 'Rushsorth', '9767794889', '1990-02-10', 'F', 'brushsortheb@plala.or.jp', 'SVLxI98VSbN', '5048373578236030'),
(517, 'Karlotte', 'Maltman', '1773761162', '1979-06-04', 'F', 'kmaltmanec@bing.com', 'WpOeqJO', '5108753408011801'),
(518, 'Jobi', 'Wotton', '5991568556', '1985-01-25', 'F', 'jwottoned@networksolutions.com', 'x33cvWxD', '5108751997080005'),
(519, 'Noelani', 'Harme', '9153100152', '2004-05-18', 'F', 'nharmeee@craigslist.org', 'xE62Ypwj', '5108754620612251'),
(520, 'Adelaida', 'Cicchinelli', '2764933036', '1991-07-12', 'F', 'acicchinellief@shareasale.com', 'd0K1ouvhn', '5108757390340532'),
(521, 'Bess', 'Maharg', '2111419273', '1981-11-12', 'F', 'bmahargeg@goo.ne.jp', 'uzkWRGEW', '5108750045073160'),
(522, 'Arvie', 'Wixon', '9917314902', '2003-09-29', 'M', 'awixoneh@japanpost.jp', 'rAEXMpV', '5048376991505378'),
(523, 'Teodorico', 'Malpass', '2266739641', '2003-11-28', 'M', 'tmalpassei@google.de', '46aCEdK', '5108755729145366'),
(524, 'Darius', 'Collabine', '1355183522', '1986-02-22', 'M', 'dcollabineej@homestead.com', '4TGEoM', '5108756529836048'),
(525, 'Samantha', 'Terren', '7046088835', '1992-09-25', 'F', 'sterrenek@baidu.com', 'q6vEY3DVkq', '5048370656437944'),
(526, 'Shana', 'Berrick', '3702792640', '1985-10-09', 'F', 'sberrickel@ox.ac.uk', 'C5KRIT6k7Jf', '5048377988596925'),
(527, 'Spenser', 'Gilleon', '6826157848', '1991-05-20', 'M', 'sgilleonem@ucoz.ru', 'aYfwUdsLbL', '5108750862078698'),
(528, 'Humphrey', 'Fetters', '1486247574', '1985-10-07', 'M', 'hfettersen@cam.ac.uk', 'Af6XVmN4Oc', '5108755317940848'),
(529, 'Donny', 'Jopling', '8947691722', '1990-06-26', 'F', 'djoplingeo@nyu.edu', 'N9OymQn70q', '5108753935270094'),
(530, 'Kitty', 'Masterson', '3473641604', '1975-08-18', 'F', 'kmastersonep@kickstarter.com', 'L1g4SI', '5108751410899320'),
(531, 'Dean', 'Delgadillo', '3217157086', '2003-01-13', 'M', 'ddelgadilloeq@blogspot.com', 'BlUS9ovFxE', '5108756677108208'),
(532, 'Harriett', 'Strand', '4133826977', '1981-02-22', 'F', 'hstrander@wikispaces.com', 'a2VsJi2W6R', '5108754229144706'),
(533, 'Romain', 'Waggett', '3783568552', '1971-10-30', 'M', 'rwaggettes@sciencedaily.com', 'gqHJbXtW7', '5108750179837919'),
(534, 'Celeste', 'Edgington', '1687357997', '1988-02-14', 'F', 'cedgingtonet@posterous.com', '2sh5O00BSt', '5108757957531457'),
(535, 'Clay', 'Bolstridge', '4326908801', '1998-08-16', 'M', 'cbolstridgeeu@pinterest.com', '76zuRYO', '5108759366234152'),
(536, 'Chrysler', 'Daddow', '3057849968', '1974-02-06', 'F', 'cdaddowev@sfgate.com', 'XEARCaMfOp', '5108759285110343'),
(537, 'Hiram', 'Kuhnke', '1717268259', '1984-02-24', 'M', 'hkuhnkeew@fotki.com', 'R1KN7LD', '5108754425221084'),
(538, 'Augustin', 'Tytler', '4529469121', '1972-06-27', 'M', 'atytlerex@tumblr.com', 'CfrQl0x', '5108757389387353'),
(539, 'Garnet', 'Bewshea', '3241674534', '2004-04-29', 'F', 'gbewsheaey@aol.com', 'T259ZcUrZmW4', '5108759921293925'),
(540, 'Rafael', 'Antushev', '3555035772', '1999-04-16', 'M', 'rantushevez@kickstarter.com', 'eNIjdA', '5108757646351887'),
(541, 'Vinny', 'Buckam', '7932948140', '1976-04-29', 'F', 'vbuckamf0@blogtalkradio.com', 'VxNebI', '5048370927587550'),
(542, 'Vinny', 'Codd', '6041478738', '2001-11-26', 'F', 'vcoddf1@google.de', '5uiRwiE0891Q', '5048379032154602'),
(543, 'Obed', 'Coy', '1375712925', '1981-11-10', 'M', 'ocoyf2@harvard.edu', '6UFoMo2', '5048373098112190'),
(544, 'Kristo', 'Bullick', '6157547162', '1985-11-06', 'M', 'kbullickf3@blogger.com', 'wX1r5q', '5048377933914256'),
(545, 'Hatti', 'Abramowitz', '8225817916', '2000-11-24', 'F', 'habramowitzf4@webs.com', 'pCd0rPYNhLxG', '5048379649194850'),
(546, 'Jennette', 'Elles', '2295674512', '1994-06-05', 'F', 'jellesf5@canalblog.com', 'qEa34H1CLVb', '5108750010317469'),
(547, 'Dorothea', 'Gillespey', '3599403810', '2003-02-22', 'F', 'dgillespeyf6@mediafire.com', 'TOfpDRnnQyFH', '5108757660608147'),
(548, 'Lief', 'Kirwood', '9907576373', '1991-10-08', 'M', 'lkirwoodf7@globo.com', 'NoNeuqp', '5048373219185588'),
(549, 'Alfie', 'Peasee', '4114662433', '1979-11-22', 'F', 'apeaseef8@fema.gov', 'WzIdC8', '5108751237436645'),
(550, 'Sasha', 'Baversor', '7157479167', '2003-10-20', 'F', 'sbaversorf9@gravatar.com', 'mJBfzGbh', '5048377260248013'),
(551, 'Bud', 'Cardinale', '7502976474', '1975-09-28', 'M', 'bcardinalefa@1und1.de', 'tBtJ8JCV5', '5108758024173513'),
(552, 'Drucill', 'Tooke', '9232248872', '1986-02-24', 'F', 'dtookefb@goodreads.com', 'ZxDHoNUruk', '5048371856619422'),
(553, 'Maureene', 'Cadd', '4657292365', '1991-09-19', 'F', 'mcaddfc@nytimes.com', 'oRqLyb4qI', '5108753620350078'),
(554, 'Osmond', 'Hyam', '4335053586', '1974-09-02', 'M', 'ohyamfd@gmpg.org', 'jyjNPaneLh', '5048370811704832'),
(555, 'Niall', 'Nystrom', '7363121306', '2004-03-18', 'M', 'nnystromfe@flavors.me', 'eYb19QWTXiMd', '5048376206750579'),
(556, 'Dena', 'Gooke', '4812142070', '1979-04-19', 'F', 'dgookeff@virginia.edu', '8zD6T5Yz', '5108755327447909'),
(557, 'Dion', 'Andryszczak', '8505903656', '1989-11-23', 'F', 'dandryszczakfg@earthlink.net', 'oUGx7LfQW', '5048379512106411'),
(558, 'Marius', 'Polotti', '4875107651', '1985-02-11', 'M', 'mpolottifh@exblog.jp', 'Qo6o0DUHfZkQ', '5048377763869802'),
(559, 'Egbert', 'Beefon', '9508340006', '2001-02-24', 'M', 'ebeefonfi@va.gov', 'xXPzCIak', '5048378601818662'),
(560, 'Flo', 'Crossthwaite', '9989953790', '2003-09-14', 'F', 'fcrossthwaitefj@yandex.ru', 'riKWqAUAOO', '5048371604708196'),
(561, 'Isidora', 'Freke', '8852612019', '1995-05-26', 'F', 'ifrekefk@rediff.com', 'u65byZ', '5048371822782213'),
(562, 'Peri', 'McGeever', '3098946560', '1972-04-18', 'F', 'pmcgeeverfl@edublogs.org', 'H6WlOuGmUs', '5048371688736212'),
(563, 'Barnett', 'Mafham', '1514309790', '1986-10-05', 'M', 'bmafhamfm@ezinearticles.com', 'kwaA4OAuy', '5048378457424888'),
(564, 'Ruperto', 'Linch', '5557450823', '1982-01-11', 'M', 'rlinchfn@meetup.com', 'wWT4xwKrfz', '5108753932012002'),
(565, 'Callida', 'Bartell', '6837967607', '1976-04-22', 'F', 'cbartellfo@mozilla.org', 'Gg2iiVLem4vU', '5108757033103149'),
(566, 'Maryl', 'Clopton', '7513601785', '1992-04-22', 'F', 'mcloptonfp@spiegel.de', 'dooOlyQtR', '5108752769235538'),
(567, 'Thea', 'Erangy', '1155608663', '1996-02-04', 'F', 'terangyfq@hubpages.com', '3n4fRZ64', '5048375474726907'),
(568, 'Syman', 'Borrows', '9556138356', '1977-07-07', 'M', 'sborrowsfr@spiegel.de', 'C0xFJj9T7th', '5108750492263918'),
(569, 'Hedi', 'Tennant', '6513641714', '2003-11-22', 'F', 'htennantfs@clickbank.net', 'ONcatkkv', '5048377992776240'),
(570, 'Janelle', 'Heathfield', '6949366913', '1997-09-01', 'F', 'jheathfieldft@printfriendly.com', 'XwsWPiGH', '5108757165451258'),
(571, 'Frederigo', 'Hartzog', '5739626301', '1992-12-20', 'M', 'fhartzogfu@princeton.edu', 'snlLHpZgL', '5108759379367064'),
(572, 'Luella', 'Kilcullen', '8865076494', '1987-11-16', 'F', 'lkilcullenfv@dell.com', 'ezr7gpWu4R', '5108755499155140'),
(573, 'Netty', 'Calf', '3005989607', '1977-12-22', 'F', 'ncalffw@dailymail.co.uk', '05JcRLc', '5108755871836846'),
(574, 'Guglielmo', 'Drioli', '5475488071', '1986-09-23', 'M', 'gdriolifx@blinklist.com', 'uOUX7Iic3', '5048379461967862'),
(575, 'Lancelot', 'Gutteridge', '8189715692', '1987-08-05', 'M', 'lgutteridgefy@apache.org', 'kkatf17GMe', '5048371198649186'),
(576, 'Caritta', 'Pala', '1939873466', '1972-08-14', 'F', 'cpalafz@sbwire.com', 'h39739iMrG', '5108751756611305'),
(577, 'Pryce', 'Vossing', '6856615613', '1975-10-25', 'M', 'pvossingg0@xrea.com', 'svnkgBCC7w', '5108759098506422'),
(578, 'Hillary', 'Cloney', '1097772935', '1990-12-10', 'M', 'hcloneyg1@scientificamerican.com', 'Dap9vzn5', '5048370118455948'),
(579, 'Brianna', 'Casone', '6125595651', '1998-12-16', 'F', 'bcasoneg2@wisc.edu', 'Elwq9R81RkP2', '5108750384874731'),
(580, 'Stavros', 'Kidd', '4132680039', '1983-11-11', 'M', 'skiddg3@springer.com', '90cK5tb0Y', '5048376132698777'),
(581, 'Cecilla', 'Schult', '7522003143', '1994-01-06', 'F', 'cschultg4@chronoengine.com', 'c2Patp', '5108753846099012'),
(582, 'Elsey', 'Whaites', '9909582703', '1991-01-29', 'F', 'ewhaitesg5@businessweek.com', 'wBFQLwbPu', '5108754418073252'),
(583, 'Aldous', 'Boyson', '5094434082', '2003-06-19', 'M', 'aboysong6@google.it', 'LMJHomG', '5108756793650448'),
(584, 'Jackqueline', 'Roft', '2529503610', '2002-06-06', 'F', 'jroftg7@amazon.com', 'LyIhCG4', '5108750470883992'),
(585, 'Myrilla', 'Newbury', '9861322725', '1978-12-24', 'F', 'mnewburyg8@sfgate.com', 'U7JH3WwfHjjT', '5048370616724902'),
(586, 'Hildy', 'Devonish', '6175417116', '1973-08-27', 'F', 'hdevonishg9@census.gov', 'NhAVL0lol8', '5048374745950883'),
(587, 'Quent', 'Luxford', '8405293796', '1990-08-05', 'M', 'qluxfordga@dailymotion.com', '2DGjrdm', '5108751201123815'),
(588, 'Burgess', 'Seedull', '4691752376', '1985-01-15', 'M', 'bseedullgb@sourceforge.net', 'UzTRWJcv9v', '5048379267878008'),
(589, 'Dorry', 'Spancock', '9986132550', '1995-04-25', 'F', 'dspancockgc@alibaba.com', 'FVsCeh', '5108757382095490'),
(590, 'Phyllys', 'Durnill', '5438720983', '1992-01-11', 'F', 'pdurnillgd@ovh.net', '1l4YQH9nunG', '5108750003700804'),
(591, 'Fulton', 'Matschoss', '1436446347', '1993-12-29', 'M', 'fmatschossge@webs.com', 'yf0iJrQD', '5108759027938761'),
(592, 'Padgett', 'Boarer', '3192216968', '1983-03-29', 'M', 'pboarergf@webeden.co.uk', 'pdiwJt', '5108752642150532'),
(593, 'Elisabet', 'Rottery', '3342818845', '1982-01-13', 'F', 'erotterygg@studiopress.com', 'PL58gLN', '5108759900417214'),
(594, 'Ibbie', 'Kilvington', '1732024213', '1986-08-29', 'F', 'ikilvingtongh@cornell.edu', 'UM4x8er5gc', '5108754361681465'),
(595, 'Myron', 'Aaron', '3303234657', '1997-06-27', 'M', 'maarongi@reference.com', 'i7SicCbk0', '5048374390064725'),
(596, 'Gerick', 'Degg', '8678571119', '1978-01-28', 'M', 'gdegggj@lulu.com', 'c1uSmlr', '5108758839794594'),
(597, 'Korney', 'MacKeever', '6832795966', '1981-08-12', 'F', 'kmackeevergk@toplist.cz', '597J0l6t8', '5048379056943807'),
(598, 'Adrien', 'Franzelini', '7411724925', '1979-09-05', 'M', 'afranzelinigl@china.com.cn', '2Ypgv9Z2gaU', '5108759485899034'),
(599, 'Pippa', 'Wayt', '7016516583', '1981-05-30', 'F', 'pwaytgm@google.com.au', 'lJtjbYwGc14', '5048374784934954'),
(600, 'Rolland', 'Fernie', '9622471363', '1976-08-27', 'M', 'rferniegn@nps.gov', 'Fzpch5guaOlC', '5108756426355969'),
(601, 'Kaja', 'Rosewall', '5227772734', '2000-05-29', 'F', 'krosewallgo@indiatimes.com', '0bSJ68h', '5108753944353824'),
(602, 'Fee', 'Thorpe', '2928779660', '2001-02-21', 'M', 'fthorpegp@youku.com', 'jOAdhIIwdzM', '5048376528816421'),
(603, 'Starr', 'Lamont', '6985914334', '1992-11-12', 'F', 'slamontgq@privacy.gov.au', 'cfg9sP', '5048378882064986'),
(604, 'Salvador', 'Symmers', '5788757858', '1975-10-01', 'M', 'ssymmersgr@prweb.com', 'CiIusnXRDkY', '5048370968869917'),
(605, 'Kim', 'Besnard', '3702440229', '1992-06-02', 'F', 'kbesnardgs@cocolog-nifty.com', 'kWjgcv0h', '5048370815778576'),
(606, 'Jarrett', 'MacLaverty', '9962826410', '1980-01-18', 'M', 'jmaclavertygt@shutterfly.com', 'kKUNeDTLp', '5108750194663316'),
(607, 'Etienne', 'Gainsboro', '8819214409', '1973-11-25', 'M', 'egainsborogu@foxnews.com', 'MbNT1Lm3', '5048378808041324'),
(608, 'Horacio', 'Raisher', '3827892607', '1977-09-28', 'M', 'hraishergv@qq.com', '7EM593jY', '5048379149366768'),
(609, 'Zackariah', 'Rushe', '4769404258', '1997-07-22', 'M', 'zrushegw@webeden.co.uk', 'E6UPGN89Th', '5108757450717918'),
(610, 'Tessi', 'Cusiter', '6627296657', '2001-02-08', 'F', 'tcusitergx@bloomberg.com', 'Fwc03Y', '5048375008401340'),
(611, 'Doro', 'Hamblyn', '9155516141', '1977-01-15', 'F', 'dhamblyngy@instagram.com', 'j5MLEpR', '5108753604717391'),
(612, 'Burch', 'Rollings', '2239358143', '2004-02-05', 'M', 'brollingsgz@sun.com', 'ZXUqnT8EA', '5108753266777071'),
(613, 'Sandor', 'Climar', '9612707542', '1988-03-29', 'M', 'sclimarh0@chron.com', 'YwK7w3z0RO', '5048377263197001'),
(614, 'Abby', 'Leftwich', '5776168240', '1979-08-22', 'M', 'aleftwichh1@youku.com', 'IidA96R1frMP', '5048370135189918'),
(615, 'Eric', 'McKenney', '3775780438', '1981-08-13', 'M', 'emckenneyh2@instagram.com', 'MIIT8gqFBTdL', '5048370364680413'),
(616, 'Josias', 'Janatka', '9526043639', '1979-10-19', 'M', 'jjanatkah3@4shared.com', 'AmMspje7d', '5108759739612696'),
(617, 'Lindsey', 'Rosnau', '6006509872', '1997-06-13', 'M', 'lrosnauh4@dell.com', 'ZNt7rI', '5048374589781667'),
(618, 'Tomlin', 'Tidbold', '2896534124', '2004-03-29', 'M', 'ttidboldh5@techcrunch.com', 'pDgagiyvf', '5108756446030428'),
(619, 'Jeanette', 'Clausen', '8431687030', '1974-12-11', 'F', 'jclausenh6@imgur.com', 'IBIYQoLwn9gY', '5048379520171381'),
(620, 'Micky', 'Mowday', '5133853919', '1980-02-01', 'F', 'mmowdayh7@sun.com', 'sGlNYpjedTq', '5108758519856549'),
(621, 'Immanuel', 'Drabble', '7493167497', '1983-12-02', 'M', 'idrabbleh8@tmall.com', 'YgyFe3rB7dm', '5048373746904691'),
(622, 'Rafa', 'Stennet', '9357611503', '1988-04-09', 'F', 'rstenneth9@patch.com', 'E85lol1', '5108757491922618'),
(623, 'Chevy', 'Witton', '2994626775', '2001-01-16', 'M', 'cwittonha@engadget.com', 'BPn9PVC4KT', '5108754074126394'),
(624, 'Howie', 'Kornilyev', '5661670354', '1990-01-09', 'M', 'hkornilyevhb@mlb.com', 'tzGTfT', '5048372468947722'),
(625, 'Carter', 'Rozzell', '2135625603', '1983-10-31', 'M', 'crozzellhc@psu.edu', 'ozmTeNhQ5N0', '5048372495866986'),
(626, 'Pryce', 'Rowsell', '4226754453', '1986-06-16', 'M', 'prowsellhd@histats.com', 'RTjazqrtu8', '5108759800621816'),
(627, 'Barnebas', 'Duncombe', '6845713199', '2002-04-08', 'M', 'bduncombehe@home.pl', 'ebMgmuHEoVK', '5108758599854885'),
(628, 'Catlin', 'Wafer', '9626483999', '1989-02-06', 'F', 'cwaferhf@ameblo.jp', 'bNj62Q5oL3ab', '5108753643337979'),
(629, 'Marcela', 'Rosendale', '9884121882', '1978-07-23', 'F', 'mrosendalehg@google.it', 'uLwss8z0EW', '5048374579738503'),
(630, 'Devlin', 'Drews', '3412448645', '1970-10-21', 'M', 'ddrewshh@ucsd.edu', '9FMtZv2', '5108753024312435'),
(631, 'Darcy', 'Girardey', '3708682498', '1989-02-22', 'F', 'dgirardeyhi@altervista.org', 'Ifkis3FlIl', '5108757773068304'),
(632, 'Selina', 'Lafont', '9846343949', '1995-10-20', 'F', 'slafonthj@harvard.edu', 'MNevSda97IMz', '5108754654930512'),
(633, 'Hendrick', 'Fildes', '2273477366', '1999-07-16', 'M', 'hfildeshk@vimeo.com', 'K36D7CH15', '5108753388214060'),
(634, 'Katharina', 'Petford', '5242021657', '1973-11-20', 'F', 'kpetfordhl@oakley.com', 'XAnuh8pW', '5108751836826287'),
(635, 'Richard', 'Lunn', '5084893554', '1972-03-27', 'M', 'rlunnhm@marriott.com', 'NgReIplc68a', '5108755833309478'),
(636, 'Maddie', 'Volette', '3096956904', '1989-04-13', 'F', 'mvolettehn@a8.net', 'N95i2l', '5048370020372645'),
(637, 'Merell', 'Gatecliff', '5003624757', '1980-08-28', 'M', 'mgatecliffho@bluehost.com', 'rjhGjUc', '5048374990263024'),
(638, 'Brunhilde', 'Tiffney', '5743613740', '1983-10-08', 'F', 'btiffneyhp@statcounter.com', 'UFQvywbkuMMJ', '5108752082388535'),
(639, 'Lark', 'Quilty', '9139721610', '1992-04-29', 'F', 'lquiltyhq@microsoft.com', 'NU6CnZ5Ud0', '5048374088868007'),
(640, 'Aluino', 'Jodkowski', '3082758356', '1990-12-22', 'M', 'ajodkowskihr@domainmarket.com', 'x0rlYAlXf4A', '5048376737287828'),
(641, 'Ranee', 'Joannidi', '6341644012', '1978-09-02', 'F', 'rjoannidihs@t-online.de', 'lEi0bYN', '5048372386382234'),
(642, 'Jessie', 'Aistrop', '1294141266', '1989-05-26', 'F', 'jaistropht@comcast.net', 'Tti8MgYC', '5048373496378997'),
(643, 'Carolus', 'Neiland', '3548053975', '1975-08-05', 'M', 'cneilandhu@istockphoto.com', 'DX9p0c', '5108757255243078'),
(644, 'Vernor', 'Gillanders', '3809006846', '1999-06-03', 'M', 'vgillandershv@wisc.edu', 'uYmOzbqsv', '5108752367305667'),
(645, 'Averil', 'Blitz', '3514288152', '1988-11-29', 'M', 'ablitzhw@sphinn.com', 'F5IlAGPrOr5', '5108752039751074'),
(646, 'Heywood', 'Cornels', '8383536530', '1998-09-22', 'M', 'hcornelshx@epa.gov', 'dknCX1sa', '5048377887486863'),
(647, 'Fulton', 'McFadzean', '5348639998', '1991-05-24', 'M', 'fmcfadzeanhy@odnoklassniki.ru', 'Ov0xtohgiaZ0', '5048372842602225'),
(648, 'Kally', 'Cowan', '9765391735', '1975-12-24', 'F', 'kcowanhz@narod.ru', 'jHP8Ipaquyov', '5048370167663681'),
(649, 'Adoree', 'Pothbury', '2795508409', '1993-07-16', 'F', 'apothburyi0@youku.com', 'sWacJhiCn9c', '5108751827177419'),
(650, 'Darleen', 'Bubb', '2267555736', '1993-06-20', 'F', 'dbubbi1@cyberchimps.com', 'nKK9bUeYWgI', '5048373465495756'),
(651, 'Jannelle', 'Joye', '8725246792', '2000-03-26', 'F', 'jjoyei2@skype.com', 'V0bgC7', '5108750733059109'),
(652, 'Jude', 'Treadwell', '3137090567', '2004-04-21', 'M', 'jtreadwelli3@dion.ne.jp', 'lcO6asrcRhuv', '5108754653327389'),
(653, 'Celie', 'McLauchlin', '7583604313', '1993-10-01', 'F', 'cmclauchlini4@domainmarket.com', 'jIEZCb2Xnee', '5108754784290993'),
(654, 'Vivyan', 'Meuse', '5125262214', '1981-04-19', 'F', 'vmeusei5@cafepress.com', 'z1M90n2', '5048371892905595'),
(655, 'Vidovik', 'Cleaver', '3186243174', '1980-02-18', 'M', 'vcleaveri6@who.int', 'nR0meSyW', '5108753600080141'),
(656, 'Domingo', 'Bennetto', '4721954640', '1970-08-12', 'M', 'dbennettoi7@wordpress.com', 'tVDRtx', '5048378004667922'),
(657, 'Hedi', 'Diment', '9458334311', '1975-06-11', 'F', 'hdimenti8@delicious.com', 'gL387exh1NRn', '5108755724047567'),
(658, 'Eddi', 'Hartnup', '8491462170', '1978-03-26', 'F', 'ehartnupi9@cbslocal.com', '5AbLI4iM', '5048371262427972'),
(659, 'Eziechiele', 'Youhill', '3873317777', '2002-02-25', 'M', 'eyouhillia@surveymonkey.com', 'f99aJn', '5108755543713415'),
(660, 'Lisbeth', 'Rodgman', '8696658415', '1971-12-23', 'F', 'lrodgmanib@purevolume.com', 'BWPaznGTt', '5048378374851593'),
(661, 'Gavra', 'Weddeburn - Scrimgeour', '2315945891', '1970-09-01', 'F', 'gweddeburnscrimgeouric@sogou.com', 'JqORhg5', '5048378963495125'),
(662, 'Francesco', 'Petteford', '7282204474', '1986-08-29', 'M', 'fpettefordid@admin.ch', 'osY6rxpoAmyR', '5048373235563958'),
(663, 'Kanya', 'McAughtry', '1922846690', '1995-06-24', 'F', 'kmcaughtryie@seesaa.net', '3seyxg', '5108753633281955'),
(664, 'Hyacinthe', 'Playfair', '7023720188', '1973-06-08', 'F', 'hplayfairif@alexa.com', '2Cnbezox', '5108758529735550'),
(665, 'Alexandro', 'Mullineux', '3725582196', '1979-01-11', 'M', 'amullineuxig@google.fr', 'i0PHGQCMm8S', '5108753786971964'),
(666, 'Jaclyn', 'Shivell', '1231769178', '1992-08-14', 'F', 'jshivellih@shinystat.com', 'Gad4quPVm8vb', '5108758475546696'),
(667, 'Crissy', 'Lante', '2096909139', '1979-07-07', 'F', 'clanteii@unc.edu', '7N5slstJ49', '5048379403746994'),
(668, 'Maisey', 'Shearme', '9757369123', '2003-06-10', 'F', 'mshearmeij@narod.ru', 'TzmgHaDRq', '5048371031940693'),
(669, 'Ricard', 'Tellenbrook', '2548688999', '1989-03-01', 'M', 'rtellenbrookik@cpanel.net', 'g7hGDSZE5', '5108758481138256'),
(670, 'Ezra', 'Pietasch', '2855876549', '1975-01-16', 'M', 'epietaschil@friendfeed.com', 'BGy8bi54j1', '5108752926295003'),
(671, 'Dion', 'Carle', '4607393621', '1991-03-23', 'F', 'dcarleim@go.com', 'wqPrUsn', '5048375489298389'),
(672, 'Ringo', 'Towey', '5332819627', '1975-06-19', 'M', 'rtoweyin@about.me', 'xW91HsED', '5048377803144299'),
(673, 'Frederick', 'Haughan', '9648154322', '1973-09-03', 'M', 'fhaughanio@npr.org', 'kCuBhjp', '5048378697835620'),
(674, 'Vern', 'Heyball', '1141986486', '1992-08-06', 'M', 'vheyballip@techcrunch.com', 'Iksn5RvN4CXK', '5108755527913056'),
(675, 'Chloe', 'Kittow', '7667354850', '1993-06-08', 'F', 'ckittowiq@scientificamerican.com', 'peP9ltwpNBn', '5048377272349338'),
(676, 'Jaquith', 'Winkworth', '5255107739', '1976-07-07', 'F', 'jwinkworthir@cbsnews.com', '8FIsa8nn', '5048376964566332'),
(677, 'Kata', 'Shilstone', '6656441933', '1997-03-21', 'F', 'kshilstoneis@cafepress.com', '8t50BsWZkV', '5108756050749859'),
(678, 'Audrie', 'Deyenhardt', '9465056804', '1970-07-23', 'F', 'adeyenhardtit@craigslist.org', 'VR82TX59Cq', '5108750420085920'),
(679, 'Lorry', 'Radborn', '4429681399', '1974-08-02', 'F', 'lradborniu@google.com', 'RXIGGsn0MVX', '5048374388754394'),
(680, 'Garrot', 'Hugnin', '5966972279', '1980-02-18', 'M', 'ghugniniv@pcworld.com', 'XdwJfkbjl', '5108755591440085'),
(681, 'Carlie', 'Zylberdik', '7708097413', '1977-09-14', 'M', 'czylberdikiw@prnewswire.com', 'VWUtJeNp4N9M', '5108759639645903'),
(682, 'Georgina', 'Stachini', '1365072501', '1982-02-07', 'F', 'gstachiniix@jigsy.com', 'awC6R2', '5108755784279506'),
(683, 'Ellerey', 'Isard', '1726886602', '1986-09-15', 'M', 'eisardiy@list-manage.com', 'DoNRxH2', '5108750613487172'),
(684, 'Hy', 'Filippone', '4788689061', '1980-10-25', 'M', 'hfilipponeiz@utexas.edu', 'JiaWLaBDUgQ', '5048371613147097'),
(685, 'Dorelia', 'Bennike', '4443617652', '1985-07-31', 'F', 'dbennikej0@who.int', 'ipMvU2', '5048371137946867'),
(686, 'Trix', 'Waghorne', '7542196261', '1983-08-18', 'F', 'twaghornej1@paginegialle.it', 'Q0uFFb', '5048371364988673'),
(687, 'Annette', 'Lenaghen', '4854134914', '1979-09-30', 'F', 'alenaghenj2@nih.gov', 'muiNsLw', '5108753975003306'),
(688, 'Brooks', 'Eley', '2184782122', '1984-04-07', 'M', 'beleyj3@nifty.com', 'FgZCyQ77k', '5108753692558707'),
(689, 'Annie', 'Marrow', '5179535246', '1985-01-03', 'F', 'amarrowj4@reddit.com', 'rv0sJCikBhYu', '5048370178186417'),
(690, 'Lee', 'Burberow', '9259534763', '1986-08-02', 'M', 'lburberowj5@bloglines.com', 'ogEC3lHR', '5108755950759224'),
(691, 'Bria', 'Wollrauch', '3547190312', '1981-05-02', 'F', 'bwollrauchj6@over-blog.com', 'NytI2G', '5048379441136745'),
(692, 'Spenser', 'Rosier', '8082549157', '2003-11-26', 'M', 'srosierj7@huffingtonpost.com', 'otbKRJBLg', '5048374254876073'),
(693, 'Juline', 'Hurworth', '6182975725', '1999-02-03', 'F', 'jhurworthj8@dedecms.com', 'DLSbZ345xrk', '5108753460379658'),
(694, 'Menard', 'Torricina', '8724737549', '1981-04-02', 'M', 'mtorricinaj9@seattletimes.com', 'q3Abf9R8Y', '5048370784952020'),
(695, 'Cordy', 'Tonn', '9392271160', '1972-07-03', 'M', 'ctonnja@zdnet.com', 'GDSph6H', '5108751184642658'),
(696, 'Parnell', 'Oboy', '4955122232', '1972-06-27', 'M', 'poboyjb@nih.gov', 'SNEdVqy6g9uy', '5048372852660691'),
(697, 'Bette', 'Yashaev', '8173076286', '1979-06-24', 'F', 'byashaevjc@blinklist.com', 'K4oByCA', '5048376435138760'),
(698, 'Putnam', 'Patrick', '8096914611', '1985-02-21', 'M', 'ppatrickjd@blogger.com', 'eWC53eUvd4v', '5048371749667877'),
(699, 'Teodoro', 'Wellbelove', '3832838519', '1997-10-09', 'M', 'twellbeloveje@gnu.org', 'j9WzCdSQn', '5048377735052727'),
(700, 'Pascale', 'Clubley', '4202786833', '2000-04-16', 'M', 'pclubleyjf@hubpages.com', 'v4n1CIXNA', '5048377368255290'),
(701, 'Ivory', 'Whithalgh', '9793031961', '1973-05-08', 'F', 'iwhithalghjg@reuters.com', 'UHVRgIz', '5108759300430007'),
(702, 'Coreen', 'Grisenthwaite', '2288940496', '1987-01-07', 'F', 'cgrisenthwaitejh@senate.gov', 'xbudjFPNQ3', '5048375114863383'),
(703, 'Bordy', 'Treleaven', '6532921954', '1993-01-15', 'M', 'btreleavenji@icio.us', 'S5x7P5Hy', '5108750081589996'),
(704, 'Nickola', 'Waslin', '9639981601', '1978-06-24', 'M', 'nwaslinjj@cornell.edu', 'Y8GzMASwX', '5108759792946726'),
(705, 'Jobina', 'Smieton', '3832554805', '1978-10-23', 'F', 'jsmietonjk@dropbox.com', 'CtNZn762', '5108750990083826'),
(706, 'Brandon', 'Leaming', '5116010382', '2000-08-02', 'M', 'bleamingjl@quantcast.com', '18ATFWpU', '5048371482995485'),
(707, 'Eulalie', 'Helmke', '6842608661', '1997-08-06', 'F', 'ehelmkejm@goo.ne.jp', '9ZuZA8SlkiPu', '5108756717077603'),
(708, 'Cally', 'Lorenz', '7115232467', '1998-06-03', 'F', 'clorenzjn@unc.edu', 'q0kjXIbNovn', '5048377207876975'),
(709, 'Luce', 'Blaydes', '7091425056', '1987-07-15', 'M', 'lblaydesjo@jimdo.com', 'rZeVarvXpP', '5048375464347268'),
(710, 'Dorian', 'Cogger', '6032355815', '1999-09-02', 'F', 'dcoggerjp@mozilla.org', 'zDuQZXlsnhB', '5108751646786937'),
(711, 'Jobyna', 'Gillise', '3754040336', '1996-12-30', 'F', 'jgillisejq@deliciousdays.com', 'tih0XV6Hl', '5048375827110452'),
(712, 'Diena', 'Ride', '4433113983', '2002-07-31', 'F', 'dridejr@t.co', 'kmwI9by9asC', '5108754742122460'),
(713, 'Ewan', 'Mabbutt', '1256903528', '2000-01-02', 'M', 'emabbuttjs@harvard.edu', 'E1NW5Wp', '5048370648027761'),
(714, 'Bendix', 'Sanchez', '5311197651', '1972-05-16', 'M', 'bsanchezjt@ebay.co.uk', 'eFrgHHBz4yU1', '5048374700748421'),
(715, 'Tulley', 'Matuska', '9557293579', '1992-09-24', 'M', 'tmatuskaju@google.ru', '4JXtpg', '5048378723140482'),
(716, 'Doris', 'Tedman', '2529897666', '1972-08-26', 'F', 'dtedmanjv@bloomberg.com', '1oD8tmW2Jm', '5048371583571292'),
(717, 'Wesley', 'Queripel', '4028690630', '1987-10-08', 'M', 'wqueripeljw@joomla.org', '5KN50jsR', '5108758830122803'),
(718, 'Elane', 'Feldstein', '8541031508', '1991-07-13', 'F', 'efeldsteinjx@blogtalkradio.com', 'eYB1saHy', '5108750740080874'),
(719, 'Zedekiah', 'Scardefield', '9832720273', '1980-08-10', 'M', 'zscardefieldjy@ftc.gov', 'Pblf4K', '5048379827094534'),
(720, 'Rog', 'Waterhous', '8114879190', '1990-10-22', 'M', 'rwaterhousjz@macromedia.com', 'fiUk0nyln', '5108758807459550'),
(721, 'Beck', 'Angelo', '1226591200', '1986-05-07', 'M', 'bangelok0@sourceforge.net', 'kKdSyM', '5108750535602700'),
(722, 'Hobard', 'Farryann', '4906927811', '1994-02-06', 'M', 'hfarryannk1@printfriendly.com', 'dQ24P0NtXemA', '5048371174661064'),
(723, 'Hyatt', 'Covil', '8419922161', '1993-11-28', 'M', 'hcovilk2@github.com', 'daj6buuZBkfQ', '5048372425453822'),
(724, 'Anderson', 'Lofting', '4318619139', '1991-04-04', 'M', 'aloftingk3@salon.com', 'Z5Ikui', '5108752054503293'),
(725, 'Ganny', 'Briddock', '6007528515', '1977-11-26', 'M', 'gbriddockk4@prweb.com', 'Z88s5NB', '5048375722985487'),
(726, 'Rice', 'Folker', '9279195816', '1979-01-29', 'M', 'rfolkerk5@gov.uk', 'xT15QycCnmI', '5108752117091070'),
(727, 'Zaccaria', 'Sheehan', '2036973678', '1974-03-08', 'M', 'zsheehank6@cdbaby.com', 'ySawWqMxS', '5108754249524325'),
(728, 'Grazia', 'Coulter', '2176718069', '1980-02-18', 'F', 'gcoulterk7@1688.com', 'pPbi39TP', '5048377291886781'),
(729, 'Corrine', 'Lusher', '3095333456', '1980-10-06', 'F', 'clusherk8@webmd.com', 'WGV3ZbBpVWDO', '5048371299492577'),
(730, 'Roberto', 'Landsborough', '5958391016', '1986-04-27', 'M', 'rlandsboroughk9@house.gov', '7d6JeU', '5048373282783194'),
(731, 'Jerald', 'Gorges', '6845746859', '1987-08-03', 'M', 'jgorgeska@aol.com', '7ir9HEQ', '5108752411977255'),
(732, 'Chrissy', 'Toplis', '8824660888', '1986-05-20', 'F', 'ctopliskb@google.ca', '414GPF', '5048375432056959'),
(733, 'Binnie', 'Trembath', '6769073698', '1977-02-04', 'F', 'btrembathkc@samsung.com', 'SORNW4RbXyiD', '5108753727253167'),
(734, 'Sybyl', 'Darcy', '6845855831', '1994-01-21', 'F', 'sdarcykd@nhs.uk', 'sJykJjkUhf', '5048374339840771'),
(735, 'Miner', 'Bedow', '9592065616', '1989-07-13', 'M', 'mbedowke@tumblr.com', 'wi1CrDfAjc', '5048370442658167'),
(736, 'Joline', 'Hartmann', '5359390768', '1981-06-03', 'F', 'jhartmannkf@livejournal.com', 'Uew58UTA', '5048379417807394'),
(737, 'Axe', 'Fourcade', '6571398948', '2001-08-29', 'M', 'afourcadekg@adobe.com', 'lcnvbX', '5108759753380097'),
(738, 'Goran', 'Hirjak', '8119083626', '1982-03-11', 'M', 'ghirjakkh@newsvine.com', 'W6yWYX6KSpPS', '5048378876109227'),
(739, 'Chloris', 'Conville', '8136703694', '1994-09-30', 'F', 'cconvilleki@aboutads.info', 'HDiyE990R', '5048375709799075'),
(740, 'Iorgo', 'Clopton', '9761553994', '1974-04-16', 'M', 'icloptonkj@booking.com', 'H6oKRBy', '5108757514909998'),
(741, 'Nerte', 'Wellfare', '1426289110', '1998-12-03', 'F', 'nwellfarekk@amazon.co.uk', 'AU8KDej2d8', '5108756277180797'),
(742, 'Sergeant', 'Peterffy', '8576100253', '1986-01-12', 'M', 'speterffykl@unicef.org', 'DtdwpR2xD', '5108750681275871'),
(743, 'Brennan', 'Stoves', '7105124314', '2001-10-11', 'M', 'bstoveskm@drupal.org', 'sWtpg7', '5048370321009011'),
(744, 'Leland', 'Reis', '2067264057', '1970-06-29', 'M', 'lreiskn@miitbeian.gov.cn', 'Sr73mlrKq', '5048378294755957'),
(745, 'Bondy', 'Blague', '3898932169', '2003-10-16', 'M', 'bblagueko@quantcast.com', 'zMvXz1', '5108753407055627'),
(746, 'Timothee', 'Gosker', '2476415475', '1999-10-19', 'M', 'tgoskerkp@mac.com', 'kOu1dNB7', '5048379801554172'),
(747, 'Davine', 'Denington', '3377041928', '1975-10-17', 'F', 'ddeningtonkq@yale.edu', 'BFdHmmanNPs', '5108756888650303'),
(748, 'Bronnie', 'Abell', '8928196183', '2003-05-08', 'M', 'babellkr@mashable.com', '0wVgtJWvl', '5108752493854828'),
(749, 'Tracey', 'Fowlie', '9576894042', '1990-12-21', 'M', 'tfowlieks@deviantart.com', 'miPHY1e', '5108759941026859'),
(750, 'Jill', 'Treffrey', '2685670539', '1999-05-24', 'F', 'jtreffreykt@dmoz.org', 'CssV91', '5048376530856720'),
(751, 'Meridith', 'Dreakin', '3358008835', '1983-12-26', 'F', 'mdreakinku@utexas.edu', 'b0qbQN', '5108759735225337'),
(752, 'Kerry', 'Iwanicki', '4354808235', '1989-10-17', 'F', 'kiwanickikv@wordpress.org', '2l47SVTnKyM', '5048375016716028'),
(753, 'Abbey', 'Pendlebury', '5492441976', '2001-08-11', 'M', 'apendleburykw@va.gov', 'KMCnIaGsbCq', '5108757343959123'),
(754, 'Erie', 'Limb', '1202818458', '1977-03-25', 'M', 'elimbkx@ifeng.com', 'P8FHYcwcxW', '5048372438738615'),
(755, 'Cary', 'Allsobrook', '5005310439', '1979-01-13', 'F', 'callsobrookky@unc.edu', 'OsFCcv', '5108753446571485'),
(756, 'Cristabel', 'Riediger', '5039776075', '1986-10-15', 'F', 'criedigerkz@seattletimes.com', 'E4Wtem', '5108758451470770'),
(757, 'Stanwood', 'Haverson', '4832387356', '1984-06-11', 'M', 'shaversonl0@bluehost.com', 'OjFeiOcg', '5048376542923633'),
(758, 'Creight', 'Braidon', '2154210433', '1985-05-30', 'M', 'cbraidonl1@hibu.com', 'qxS4tL3uzCy', '5108758649071555'),
(759, 'Fiorenze', 'Paling', '2014003212', '1974-12-10', 'F', 'fpalingl2@wikipedia.org', 'ZO5pGqnX8jTR', '5048377280850046'),
(760, 'Dolli', 'Westbury', '8166372410', '2001-05-22', 'F', 'dwestburyl3@google.es', 'LSjlHr', '5108752715340093'),
(761, 'Herby', 'Peegrem', '1583207851', '1998-08-17', 'M', 'hpeegreml4@smugmug.com', 'FUNOPzxHB', '5048370546549874'),
(762, 'Iver', 'Cash', '6224881019', '1984-11-05', 'M', 'icashl5@zdnet.com', 'eRJZqEPiKCqc', '5048375695874403'),
(763, 'Felicio', 'Sircombe', '1331991791', '1992-07-30', 'M', 'fsircombel6@tinyurl.com', 'sI1IR6lcQe', '5048372641213075'),
(764, 'Abelard', 'Loveday', '6601476145', '1988-10-26', 'M', 'alovedayl7@paginegialle.it', 'u8REu6', '5108754856205234'),
(765, 'Fraze', 'Madeley', '2546800567', '1974-05-12', 'M', 'fmadeleyl8@goo.ne.jp', 'wr88izLWa', '5048373275196040'),
(766, 'Bary', 'Bodycombe', '1511497190', '1992-07-13', 'M', 'bbodycombel9@nps.gov', 'LUy1kC', '5048377573553299'),
(767, 'Irena', 'Blum', '7051900852', '1979-08-29', 'F', 'iblumla@prlog.org', 'pYq5ia4n7AZa', '5048370336258199'),
(768, 'Willamina', 'Learmont', '9561254929', '2002-07-03', 'F', 'wlearmontlb@storify.com', 'nEgMvYlV', '5048373009488945'),
(769, 'Abram', 'Chubb', '7788299454', '1974-01-06', 'M', 'achubblc@eepurl.com', '7ovY9RL', '5048372583273749'),
(770, 'Ann-marie', 'Stolworthy', '6314145060', '1974-09-18', 'F', 'astolworthyld@ebay.com', 'suYfB3', '5048378035512469'),
(771, 'Bree', 'Tanswill', '5962143293', '1998-06-18', 'F', 'btanswillle@ihg.com', 'CtARMPu9', '5108759976355454'),
(772, 'Reuven', 'MacCambridge', '7772386167', '1990-12-09', 'M', 'rmaccambridgelf@ovh.net', 'jWsZp9LlirgJ', '5048373320059573'),
(773, 'Zack', 'Siene', '7712933695', '1984-05-03', 'M', 'zsienelg@businesswire.com', 'rgz2cQYj', '5048377334583304'),
(774, 'Mattie', 'Wogden', '2147023921', '1986-01-26', 'M', 'mwogdenlh@theglobeandmail.com', 'UeYgebbOSwH', '5048374092029216'),
(775, 'Zackariah', 'Bowhey', '7383847849', '1994-01-10', 'M', 'zbowheyli@deliciousdays.com', 'wpg9ZA2VhC', '5048377499905383'),
(776, 'Silvan', 'Beven', '3142823850', '1982-04-15', 'M', 'sbevenlj@live.com', 'Arpr9j2o', '5108756256152304'),
(777, 'Lorita', 'Pletts', '2902635354', '1997-05-27', 'F', 'lplettslk@redcross.org', 'iwrnN63udl', '5108753399522428'),
(778, 'Rosie', 'Clousley', '8259849420', '1974-11-07', 'F', 'rclousleyll@umich.edu', '1gqyyOZ', '5048379043669804'),
(779, 'Joane', 'Trevaskiss', '5559281144', '1978-09-10', 'F', 'jtrevaskisslm@barnesandnoble.com', '4dvVhOrPQLWc', '5108751694851963'),
(780, 'Donnell', 'Cadwell', '1506571121', '1997-08-07', 'M', 'dcadwellln@youku.com', 'ZrDAWvI7AEm', '5108751628892117'),
(781, 'Stephi', 'Lewinton', '5169262779', '1992-02-23', 'F', 'slewintonlo@spotify.com', 'PHJVMr', '5108750027742055'),
(782, 'Lexie', 'Atwood', '6657951428', '2002-05-10', 'F', 'latwoodlp@java.com', 's5JKwk', '5048370925382814'),
(783, 'Lewiss', 'Kingsnoad', '2101481540', '1992-11-12', 'M', 'lkingsnoadlq@networksolutions.com', 'VTw8omJIE8', '5108759337215850'),
(784, 'Michal', 'Jurgenson', '3033094540', '1982-10-28', 'M', 'mjurgensonlr@bizjournals.com', 'FG4jjLfia8Z', '5048370166317503'),
(785, 'Rosy', 'Barme', '2176679478', '1979-06-21', 'F', 'rbarmels@hostgator.com', 'QPy0c52', '5108751642967218'),
(786, 'Franciskus', 'Bouller', '7972447241', '1994-04-17', 'M', 'fboullerlt@quantcast.com', 'sgCrflTf', '5108754898111937'),
(787, 'Tracie', 'Hughland', '7707629253', '1994-10-10', 'M', 'thughlandlu@skype.com', 'KmWdZr6K', '5048375485854441'),
(788, 'Rania', 'Shipp', '4706803241', '1996-01-24', 'F', 'rshipplv@histats.com', 'G2zx2j7', '5108752993454426'),
(789, 'Allen', 'Awdry', '2483385981', '1987-10-06', 'M', 'aawdrylw@flickr.com', 'JGGCBZ', '5108757491833096'),
(790, 'Ram', 'Ruselin', '6519042362', '1975-03-26', 'M', 'rruselinlx@wufoo.com', 'HZqa8r7w', '5108759999891154'),
(791, 'Yvor', 'Garrat', '3578904512', '1984-11-29', 'M', 'ygarratly@soundcloud.com', 'MEg56V', '5048375516949004'),
(792, 'Sabina', 'Hearthfield', '7762422804', '1995-09-09', 'F', 'shearthfieldlz@issuu.com', 'G4B45JG', '5108752914054347'),
(793, 'Christyna', 'MacPadene', '9063841620', '1979-09-01', 'F', 'cmacpadenem0@histats.com', 'N0TogHM', '5108755696076743'),
(794, 'Nikola', 'Sprade', '5171019283', '1984-07-07', 'M', 'nspradem1@bloglovin.com', 'CPP1PrSgTvJ', '5048370691978001'),
(795, 'Edmund', 'Siman', '3676586374', '1994-05-17', 'M', 'esimanm2@google.com', 'vA3gTzmd4zye', '5108758142466492'),
(796, 'Beitris', 'Hasson', '3085729058', '1987-10-22', 'F', 'bhassonm3@drupal.org', 'zBaN6paKL', '5108759447921298'),
(797, 'Courtney', 'Natwick', '4413087935', '1998-04-22', 'F', 'cnatwickm4@smh.com.au', 'E9cPjqXG9k9', '5108752042955241'),
(798, 'Sylvan', 'Stillman', '3282009486', '1979-05-28', 'M', 'sstillmanm5@intel.com', '0twewUZws', '5048370801547662'),
(799, 'Leo', 'Battlestone', '9886373601', '1980-09-16', 'M', 'lbattlestonem6@springer.com', '1dxiIHE', '5108750891272213'),
(800, 'Nicolis', 'Paul', '8103778662', '1996-02-26', 'M', 'npaulm7@e-recht24.de', 'naPuXj1', '5108753239349875'),
(801, 'Maurise', 'Gerb', '3409630691', '2000-01-12', 'F', 'mgerbm8@discuz.net', '9IiJ1VoHY9D', '5048371186763635'),
(802, 'Jordon', 'Liepmann', '8902785982', '1981-06-03', 'M', 'jliepmannm9@pagesperso-orange.fr', 'jHewJWJZjp', '5108753803298672'),
(803, 'Dollie', 'Crean', '2938534195', '1971-02-17', 'F', 'dcreanma@virginia.edu', 'TjIboz', '5108755937826195'),
(804, 'Federico', 'Copestake', '3042876406', '1983-03-02', 'M', 'fcopestakemb@nps.gov', 'kw6EY2Ex', '5108756348089662'),
(805, 'Ermentrude', 'Colbert', '5313522399', '1992-12-13', 'F', 'ecolbertmc@t-online.de', '1HFfKN', '5048373240274294'),
(806, 'Virge', 'Hamshere', '9205712558', '1988-07-19', 'M', 'vhamsheremd@instagram.com', '5ZVCcx', '5048370307910034'),
(807, 'Lorrayne', 'Cupitt', '5007126011', '2004-03-23', 'F', 'lcupittme@google.cn', '0YVRr3Db', '5108754367455328'),
(808, 'Lee', 'Hellier', '4912018768', '1976-07-18', 'M', 'lhelliermf@nba.com', 'VrZNC5PSQ4k', '5048376836423118'),
(809, 'Max', 'Andriulis', '7653200516', '2003-10-13', 'M', 'mandriulismg@toplist.cz', '2GytNh', '5108757031132728'),
(810, 'Clare', 'Rabbatts', '1974593102', '1980-04-11', 'M', 'crabbattsmh@jiathis.com', 'qAHpZk4', '5048373537229274'),
(811, 'Roderich', 'Ruddock', '9442680987', '1977-01-14', 'M', 'rruddockmi@japanpost.jp', 'evGfpA', '5048371095891550'),
(812, 'Cherey', 'Macias', '9302952300', '1996-10-19', 'F', 'cmaciasmj@domainmarket.com', 'Yh7l9El7', '5048375211262794'),
(813, 'Frankie', 'Sowerby', '4009925235', '1986-11-07', 'M', 'fsowerbymk@last.fm', 'BtArAhDj1Yt', '5108755764541800'),
(814, 'Lorita', 'Fabbro', '1541666827', '2001-03-18', 'F', 'lfabbroml@sciencedaily.com', 'HMCyOBwY', '5048375534228670'),
(815, 'Cecil', 'Grealy', '8546119047', '1973-11-20', 'F', 'cgrealymm@dailymail.co.uk', 'C2EpLwmcM', '5108758415478513'),
(816, 'Wheeler', 'Grishelyov', '8475437338', '1975-06-13', 'M', 'wgrishelyovmn@tuttocitta.it', 'D0v6L8', '5048373932136041'),
(817, 'Bentley', 'Jakubovitch', '2331519462', '1973-03-16', 'M', 'bjakubovitchmo@360.cn', '3BkdB1yHj6qj', '5048379326978229'),
(818, 'Ignaz', 'Esplin', '6931373491', '1996-04-28', 'M', 'iesplinmp@cbslocal.com', '1EC6Xs', '5108758537296280'),
(819, 'Frank', 'Brisse', '8009876132', '1988-05-04', 'F', 'fbrissemq@jiathis.com', '90g94H', '5048372931694620'),
(820, 'Fredric', 'O\' Loughran', '3659601244', '1990-12-02', 'M', 'foloughranmr@sohu.com', 'iG0q5H1N0V', '5108755688327765'),
(821, 'Flory', 'Sutworth', '8131169858', '1989-03-03', 'M', 'fsutworthms@nymag.com', 'zolQjnPdFYl', '5108757076580120'),
(822, 'Danyette', 'Souley', '9162691877', '1973-02-26', 'F', 'dsouleymt@columbia.edu', '9N8EZ9s1g', '5048370738068527'),
(823, 'Brion', 'Seater', '6369907398', '1982-03-21', 'M', 'bseatermu@google.com.hk', 'QaCGyudv8g', '5108759116564197'),
(824, 'Cecilius', 'Comino', '8219656871', '1975-07-18', 'M', 'ccominomv@123-reg.co.uk', 'YWovhX3pEJN', '5108751484839210'),
(825, 'Mariya', 'Davidoff', '8253092739', '2003-01-01', 'F', 'mdavidoffmw@google.com.hk', 'OCq97r7S1Ib', '5048376441193478'),
(826, 'Clare', 'Sweatland', '6029395624', '1990-03-28', 'M', 'csweatlandmx@msu.edu', 'RTPg1vT7wt', '5108751505496453'),
(827, 'Emelia', 'Szantho', '5521608300', '1987-10-27', 'F', 'eszanthomy@uol.com.br', 'uMNAOZthy', '5108750392618641'),
(828, 'Vera', 'Willox', '9799495892', '1980-06-15', 'F', 'vwilloxmz@sciencedaily.com', 'umsP9O7B', '5048371178791420'),
(829, 'Missy', 'Kuna', '9169376563', '1979-07-01', 'F', 'mkunan0@tumblr.com', 'GsDY5g1g', '5108754897810364'),
(830, 'Inger', 'Skillings', '9234707426', '1971-03-03', 'F', 'iskillingsn1@topsy.com', '3orgA8wKt9zO', '5108752741740647'),
(831, 'Antonia', 'Gotthard.sf', '2654600834', '1993-03-23', 'F', 'agotthardsfn2@addtoany.com', 'RzPiPu', '5048377948337840'),
(832, 'Valaree', 'Gimbart', '2799187164', '1987-05-29', 'F', 'vgimbartn3@samsung.com', '1O2tglcba', '5048375327341722'),
(833, 'Janeva', 'Comusso', '9965737384', '1972-11-27', 'F', 'jcomusson4@state.tx.us', 'wIWNHCXvbu', '5048371355580729'),
(834, 'Immanuel', 'Dann', '7324688378', '1982-09-21', 'M', 'idannn5@kickstarter.com', 'jGQMA6b', '5048374136913870'),
(835, 'Zacharie', 'Scala', '2052132747', '1980-08-18', 'M', 'zscalan6@yahoo.co.jp', 'Y1H1qZQI', '5108753023145844'),
(836, 'Bernie', 'Moreno', '4746314313', '1996-03-07', 'F', 'bmorenon7@java.com', '8ANm5FWag9pD', '5108751887551412'),
(837, 'Hunt', 'Wallett', '3123132860', '2003-03-20', 'M', 'hwallettn8@msu.edu', 'aaotLH3x2X', '5108753424479164'),
(838, 'Thomasina', 'Shoppee', '2504933021', '1997-12-14', 'F', 'tshoppeen9@macromedia.com', 'qikhD1E6d', '5108751260707490'),
(839, 'Yalonda', 'Silverton', '1464421667', '1990-03-24', 'F', 'ysilvertonna@spotify.com', '7GUmxAEF', '5048370103111050'),
(840, 'Percy', 'Brinded', '1003228883', '1975-02-11', 'M', 'pbrindednb@jimdo.com', 'gZT0iAo9fRxP', '5108756279644279'),
(841, 'Reina', 'Larchier', '8724586793', '1975-03-05', 'F', 'rlarchiernc@techcrunch.com', 'LZRHuKLEKX', '5108758533731660'),
(842, 'Zelda', 'Medgewick', '1831042481', '1990-01-12', 'F', 'zmedgewicknd@npr.org', 'bztsHWstVXj', '5048378521052541'),
(843, 'Odell', 'Jaggs', '6947745833', '1995-02-27', 'M', 'ojaggsne@mapy.cz', 'G8Nit3GaX0y', '5048377743234424'),
(844, 'Adham', 'MacKnockiter', '3513066816', '1987-11-14', 'M', 'amacknockiternf@mapquest.com', 'sGJDkL', '5048377314746202');
INSERT INTO `user` (`user_id`, `user_firstname`, `user_lastname`, `user_tel`, `user_DOB`, `user_gender`, `user_email`, `user_password`, `card_number`) VALUES
(845, 'Conni', 'Spillett', '4553611110', '1981-08-24', 'F', 'cspillettng@si.edu', 'DbKhqJq87WF', '5108759101656362'),
(846, 'Barris', 'Wisbey', '8266340990', '1981-07-01', 'M', 'bwisbeynh@wiley.com', 'rToCxurj', '5108759073183411'),
(847, 'Carroll', 'Exelby', '2232787184', '1986-10-17', 'F', 'cexelbyni@rakuten.co.jp', 'qIFH4yoOsgms', '5048373349373039'),
(848, 'Babita', 'Missen', '5607601170', '1994-05-02', 'F', 'bmissennj@baidu.com', 'E2iSCw5J', '5048370083718205'),
(849, 'Korie', 'Connealy', '2212156340', '1977-07-28', 'F', 'kconnealynk@fc2.com', '3cCS8jCD4U', '5048377413811949'),
(850, 'See', 'Hancke', '3824146406', '1995-07-11', 'M', 'shanckenl@cbc.ca', 'LITSBWgnaXFF', '5048378137352020'),
(851, 'Morton', 'McGrirl', '9504475927', '1990-05-21', 'M', 'mmcgrirlnm@mail.ru', 'GNT4Aj80I', '5108752636434017'),
(852, 'Grover', 'Matterdace', '4452622104', '1973-05-13', 'M', 'gmatterdacenn@ifeng.com', 'sfbofgj', '5108756472808317'),
(853, 'Benny', 'Childes', '6307539414', '1978-08-21', 'F', 'bchildesno@indiegogo.com', 'LKaciIBOYdwm', '5108758264382295'),
(854, 'Chloe', 'Degnen', '3543451370', '1975-05-17', 'F', 'cdegnennp@theatlantic.com', 'fp2Rawi', '5048379363983678'),
(855, 'Bartholomew', 'Sentance', '3773957866', '1998-04-06', 'M', 'bsentancenq@myspace.com', 'XBixW1R5', '5108754905649564'),
(856, 'Konstance', 'Trebbett', '8612926485', '1977-04-28', 'F', 'ktrebbettnr@cornell.edu', 'HA9mxuc1wcr', '5108757640314568'),
(857, 'Remington', 'Cameli', '5196911491', '1980-06-28', 'M', 'rcamelins@chronoengine.com', 'FVxhqOiXhy', '5048371842208272'),
(858, 'Ferrel', 'McKomb', '3582103677', '1995-07-01', 'M', 'fmckombnt@t-online.de', '4IU1MBH4', '5048378225708513'),
(859, 'Ninon', 'Roadnight', '4441866671', '1985-09-04', 'F', 'nroadnightnu@yolasite.com', 'tegEHmrn', '5048376444357039'),
(860, 'Brade', 'Roman', '1157617548', '1995-10-17', 'M', 'bromannv@etsy.com', 'I9GmtG', '5108755137210281'),
(861, 'Riki', 'Whiteman', '4183560110', '1987-01-17', 'F', 'rwhitemannw@liveinternet.ru', 'wfkkZllO', '5048370188814917'),
(862, 'Ken', 'Basile', '6269371115', '2003-01-21', 'M', 'kbasilenx@t-online.de', 'vRFIsilFT', '5108757789397655'),
(863, 'Cleve', 'Schruyers', '2049205933', '1986-06-23', 'M', 'cschruyersny@baidu.com', 'thv7LsE', '5108751691298523'),
(864, 'Nanete', 'Chappel', '9651454119', '2001-02-11', 'F', 'nchappelnz@usgs.gov', '5k45OYj', '5048375932371486'),
(865, 'Damita', 'Hanning', '5624740395', '1989-07-21', 'F', 'dhanningo0@so-net.ne.jp', 'KYtPJO', '5048376257836228'),
(866, 'Lucius', 'Macourek', '2676746722', '2003-07-27', 'M', 'lmacoureko1@joomla.org', 'bStzFi', '5048372974625200'),
(867, 'Reilly', 'Iacovacci', '4511429874', '1975-10-14', 'M', 'riacovaccio2@salon.com', 'AgusbLf7', '5108755036413838'),
(868, 'Marylou', 'Taylour', '6383207816', '1973-09-16', 'F', 'mtaylouro3@hud.gov', '528HRO6IqgF', '5108758024758537'),
(869, 'Cynthia', 'Haste', '6186927065', '1978-01-20', 'F', 'chasteo4@eepurl.com', 'aTWEOgz', '5048377963672931'),
(870, 'Dannie', 'Preist', '8358890871', '1971-12-24', 'F', 'dpreisto5@trellian.com', 'ZwWbBZfAEur', '5108752540305741'),
(871, 'Fons', 'Dopson', '8351682482', '1981-03-22', 'M', 'fdopsono6@technorati.com', 'uwuOu38m', '5108759055995816'),
(872, 'Etan', 'Comberbach', '9848043851', '1982-11-18', 'M', 'ecomberbacho7@nifty.com', '844OFI00T6n', '5108753499981441'),
(873, 'Arielle', 'Guerrero', '3335898797', '1996-01-01', 'F', 'aguerreroo8@moonfruit.com', 'seVwwDr75Je', '5108754524967751'),
(874, 'Dylan', 'Nanson', '6564262872', '1972-06-20', 'M', 'dnansono9@a8.net', 'vUzvrMx', '5108751415789583'),
(875, 'Ashli', 'Emlen', '6287797433', '1970-06-17', 'F', 'aemlenoa@homestead.com', 'sgVsWR', '5048379789741544'),
(876, 'Thain', 'Iredell', '8848003079', '2002-03-23', 'M', 'tiredellob@barnesandnoble.com', 'S4GGvrq', '5048377526652065'),
(877, 'Della', 'Sellars', '7364530708', '1979-05-16', 'F', 'dsellarsoc@yahoo.com', 'T72QM7N', '5108756564154604'),
(878, 'Maurizio', 'Dee', '3367925459', '2001-06-23', 'M', 'mdeeod@cpanel.net', 'P1OtpTenjfTR', '5048372358179295'),
(879, 'Bill', 'Cashin', '9753348409', '1991-09-21', 'F', 'bcashinoe@taobao.com', '5EnRuzOg', '5108753334115767'),
(880, 'Garrard', 'Hollebon', '6942571855', '1990-08-25', 'M', 'ghollebonof@hatena.ne.jp', 'Jgin8Td', '5108759115832264'),
(881, 'Gary', 'Ast', '5676538468', '1992-12-03', 'M', 'gastog@alibaba.com', 'rjiIY0Oc', '5108756437983759'),
(882, 'Stuart', 'Stiegars', '6114032869', '1979-12-17', 'M', 'sstiegarsoh@apache.org', 'yAnQVa', '5108756778608668'),
(883, 'Yehudit', 'Hlavac', '6484676139', '1972-03-31', 'M', 'yhlavacoi@ibm.com', 'WwvbSrV', '5108752489075420'),
(884, 'Land', 'MacGiany', '5405521359', '1975-04-07', 'M', 'lmacgianyoj@bigcartel.com', '68a4qM', '5108755236064019'),
(885, 'Nomi', 'Tibbles', '4447342454', '1992-12-03', 'F', 'ntibblesok@omniture.com', 'D1KVtRq', '5048376487579200'),
(886, 'Salomone', 'Lalonde', '1139373184', '1980-12-01', 'M', 'slalondeol@ebay.co.uk', 'z1sEUuY', '5108750885204685'),
(887, 'Noell', 'Licciardo', '4698060867', '1980-07-20', 'F', 'nlicciardoom@java.com', 'dxgdCOS41K', '5108759300700920'),
(888, 'Delmer', 'Qusklay', '4884891883', '1979-04-04', 'M', 'dqusklayon@nsw.gov.au', 'VAHpEglaFobS', '5048371598500518'),
(889, 'Wiatt', 'Goade', '2907717954', '1971-05-18', 'M', 'wgoadeoo@mail.ru', 'BzZwfMSBVi6U', '5108752159038237'),
(890, 'Orin', 'Clilverd', '2128672281', '2001-09-10', 'M', 'oclilverdop@phpbb.com', 'YZjahOn4', '5048371393978869'),
(891, 'Oona', 'Uttridge', '4283219515', '1973-07-06', 'F', 'outtridgeoq@theglobeandmail.com', 'Kdrt0kBPNgN', '5108754577788740'),
(892, 'Hayley', 'McGilbon', '8551453292', '1977-09-24', 'F', 'hmcgilbonor@samsung.com', '1BUdqqvdo0g9', '5048374781325883'),
(893, 'Ev', 'Shewry', '8615456056', '1973-12-24', 'M', 'eshewryos@dmoz.org', 'vlBbPH', '5048378125834104'),
(894, 'Hillier', 'Yerson', '7937582043', '1980-10-28', 'M', 'hyersonot@vinaora.com', 'TxKuIp', '5108757678474771'),
(895, 'Eldredge', 'McFarlane', '6034925040', '1993-02-16', 'M', 'emcfarlaneou@cnet.com', 'BCo1UxKi6RY', '5048374701813364'),
(896, 'Dunstan', 'Minnis', '7486168719', '2001-07-16', 'M', 'dminnisov@networkadvertising.org', '7oYtPWDx8JMF', '5048371363322270'),
(897, 'Dionis', 'Goade', '8718717354', '2000-04-06', 'F', 'dgoadeow@nytimes.com', '4ymSMXQ', '5048375910799336'),
(898, 'Kelley', 'Juza', '5656573196', '1990-04-09', 'M', 'kjuzaox@whitehouse.gov', '5y7v5W', '5108752384619975'),
(899, 'Lulita', 'Langworthy', '9944664190', '1997-12-20', 'F', 'llangworthyoy@mlb.com', 'S0wmHpF', '5108758185931881'),
(900, 'Konstantine', 'Hurdle', '3022188179', '2000-01-16', 'M', 'khurdleoz@reddit.com', 'oXGU4oXLida', '5108759610542517'),
(901, 'Jule', 'Charlon', '4604369309', '1999-05-29', 'M', 'jcharlonp0@shop-pro.jp', 'JKUPBeUxK', '5108754931633780'),
(902, 'Daria', 'McKeating', '8077455428', '1976-11-15', 'F', 'dmckeatingp1@noaa.gov', 'cZ9dhtBtvBi', '5048375957530172'),
(903, 'Vassili', 'Crolly', '3906637318', '2000-04-08', 'M', 'vcrollyp2@hatena.ne.jp', 'MQXg3YY9', '5048376224413259'),
(904, 'Marshal', 'Easseby', '4167363935', '2003-11-11', 'M', 'meassebyp3@indiegogo.com', 'x7rtYp9IsKoF', '5048372573219157'),
(905, 'Clarence', 'McElhinney', '9794447593', '1999-11-17', 'M', 'cmcelhinneyp4@arstechnica.com', 'PXU3YBlF49X', '5048372975265584'),
(906, 'Douglas', 'Tomes', '9611031060', '1980-07-19', 'M', 'dtomesp5@1und1.de', 'R9zFcj', '5048372069759237'),
(907, 'Cordy', 'Edmenson', '5024201850', '1985-01-01', 'F', 'cedmensonp6@examiner.com', 'GBaFh0Jtd', '5108752288414408'),
(908, 'Ronnie', 'Birkwood', '8089546849', '1977-10-02', 'F', 'rbirkwoodp7@state.gov', 'exmXktWjnGIB', '5108757309367154'),
(909, 'Ailene', 'Championnet', '6733189958', '1976-01-05', 'F', 'achampionnetp8@dion.ne.jp', '6tMX32OZV', '5048378436336021'),
(910, 'Cale', 'De Caroli', '7084864431', '1990-07-21', 'M', 'cdecarolip9@bluehost.com', 'vVMEJI', '5108759254519466'),
(911, 'Lexy', 'Capehorn', '8064633872', '1975-01-17', 'F', 'lcapehornpa@360.cn', 'fq2gRDH', '5048377069993496'),
(912, 'Matt', 'Mollon', '2324828275', '1985-03-18', 'M', 'mmollonpb@squarespace.com', 'Ng38bXEG', '5108758889740653'),
(913, 'Blair', 'Aiskrigg', '3157113465', '1996-11-28', 'F', 'baiskriggpc@miibeian.gov.cn', 'GJ4EqNtLVf', '5048370489722710'),
(914, 'Cindra', 'Thorius', '7962636365', '1993-10-13', 'F', 'cthoriuspd@ted.com', 'A2vOzgs0sz', '5048373187920347'),
(915, 'Ninetta', 'Pennycook', '6244535723', '1977-06-03', 'F', 'npennycookpe@mozilla.org', 'scqrObm0', '5108758469773074'),
(916, 'Miles', 'Watt', '6128518862', '1991-07-03', 'M', 'mwattpf@ted.com', '59IoLr', '5108752327681165'),
(917, 'Codi', 'Bille', '3116082984', '1980-01-19', 'F', 'cbillepg@home.pl', 'VaxFxdX8Q', '5048375905057161'),
(918, 'Kearney', 'Rosenbaum', '8779866876', '1979-02-10', 'M', 'krosenbaumph@apache.org', 'M30XJe', '5108756280718765'),
(919, 'Ulberto', 'Vicary', '5508347320', '1985-06-01', 'M', 'uvicarypi@weather.com', 'mPUhyNXCHLGm', '5108753538234687'),
(920, 'Myron', 'Lochet', '2201326903', '2002-06-28', 'M', 'mlochetpj@va.gov', 'EuDS4T', '5108753855344960'),
(921, 'Mattheus', 'Geard', '3887006710', '1980-01-11', 'M', 'mgeardpk@prweb.com', 'AwjoKWTZTW', '5048379880492591'),
(922, 'Malvin', 'Reubel', '5062066236', '1984-04-28', 'M', 'mreubelpl@example.com', 'ETlDPiHkNT', '5108757514556567'),
(923, 'Olva', 'Thurby', '4845208060', '1986-05-10', 'F', 'othurbypm@issuu.com', 'FlG58aDCG', '5048373906967736'),
(924, 'Adelaida', 'Elliott', '7343033978', '1979-01-05', 'F', 'aelliottpn@about.me', 'nmgN0puaw', '5108757736306965'),
(925, 'Rebekkah', 'Schwandner', '1207777412', '1995-03-06', 'F', 'rschwandnerpo@adobe.com', 'gVulRrL', '5048370163774185'),
(926, 'Cooper', 'Woolmington', '3926600335', '1976-10-12', 'M', 'cwoolmingtonpp@xrea.com', 'PP1H03tln', '5048373981167871'),
(927, 'Ned', 'Crockett', '4248511417', '1980-04-11', 'M', 'ncrockettpq@ucsd.edu', '0r4xuRCHy', '5108750210260527'),
(928, 'Blinny', 'Eicheler', '9237291728', '1977-05-31', 'F', 'beichelerpr@tinypic.com', 'bkq3peMa', '5108758416886870'),
(929, 'Nancy', 'Rowcliffe', '3756541852', '1995-06-15', 'F', 'nrowcliffeps@spiegel.de', 'K1EigT', '5108758959541874'),
(930, 'Stevy', 'Southon', '4554450970', '1979-05-13', 'M', 'ssouthonpt@pcworld.com', 'hqGWMcciyh', '5048377687040696'),
(931, 'Tobie', 'Belloch', '6485060450', '1983-05-05', 'M', 'tbellochpu@discovery.com', 'aw33XqLw', '5048379488113227'),
(932, 'Gwenni', 'Gottschalk', '2405529599', '1986-06-07', 'F', 'ggottschalkpv@mayoclinic.com', 'WL9blV0WH6ms', '5108757666363150'),
(933, 'Tildie', 'Scala', '2677544208', '1982-04-02', 'F', 'tscalapw@jimdo.com', 'lGZpREqpfXlr', '5048379090894610'),
(934, 'Noland', 'Misken', '3487129317', '1987-04-06', 'M', 'nmiskenpx@disqus.com', '7jksBS', '5108757021996363'),
(935, 'Alexina', 'McLae', '2458767258', '2001-09-21', 'F', 'amclaepy@gnu.org', 'yrvO3qq', '5048377150689078'),
(936, 'Cordey', 'Abad', '9389930152', '1992-01-31', 'F', 'cabadpz@hugedomains.com', 'cCfJwIK', '5048374323541161'),
(937, 'Carmella', 'Varran', '8852698513', '1983-04-15', 'F', 'cvarranq0@furl.net', 'jkEyio', '5048374026280570'),
(938, 'Daisie', 'Davidovics', '4197321344', '1986-11-22', 'F', 'ddavidovicsq1@goodreads.com', '8MT22iWoOI', '5108754921402188'),
(939, 'Panchito', 'Crummy', '5036037213', '1979-07-22', 'M', 'pcrummyq2@liveinternet.ru', '02qpIL6', '5048373892006721'),
(940, 'Yves', 'Hankins', '8563293046', '1999-05-28', 'M', 'yhankinsq3@icq.com', 'dGq29M2Pw', '5108753327415919'),
(941, 'Kayla', 'Robiot', '1122338945', '2001-02-11', 'F', 'krobiotq4@spiegel.de', 'cDUFwtyigK', '5048374727392203'),
(942, 'Ludovico', 'Shrubb', '7164008145', '1996-02-03', 'M', 'lshrubbq5@tinyurl.com', 'C053rGPr5', '5048375413602516'),
(943, 'Theodosia', 'Brosenius', '4687202972', '1989-07-08', 'F', 'tbroseniusq6@topsy.com', 'x39tbKujr9', '5048377351990382'),
(944, 'Alanah', 'Stickel', '3366547936', '1994-09-17', 'F', 'astickelq7@cloudflare.com', '4sU2KOtU2NwO', '5108755248529934'),
(945, 'Tadio', 'Sidworth', '4108489920', '1973-07-07', 'M', 'tsidworthq8@sfgate.com', 'yFJbgGoO', '5108753851765150'),
(946, 'Gannie', 'Habbergham', '2009637065', '1997-10-23', 'M', 'ghabberghamq9@w3.org', 'C2NtYU', '5048379554516717'),
(947, 'Berkly', 'Joontjes', '8993717756', '1982-03-23', 'M', 'bjoontjesqa@dropbox.com', 'HNm5hfaT', '5108753477507655'),
(948, 'Charley', 'July', '1211673185', '1994-03-09', 'M', 'cjulyqb@goo.ne.jp', 'mvl7cNlw5Z4b', '5048379440153238'),
(949, 'Tris', 'Blaydon', '6468188599', '1996-03-10', 'M', 'tblaydonqc@europa.eu', '23R4uYSrl', '5108754512360647'),
(950, 'Freddie', 'Simionato', '4201727480', '1991-07-11', 'F', 'fsimionatoqd@scientificamerican.com', '5H7TBA8pYwF', '5108758513758196'),
(951, 'Tabbitha', 'Schleicher', '8861947483', '1997-12-07', 'F', 'tschleicherqe@list-manage.com', 'ZT5UWQbrE3', '5048373374256893'),
(952, 'Peyton', 'Tue', '7633258424', '1989-02-08', 'M', 'ptueqf@europa.eu', '2pENCht4oT', '5108751395004821'),
(953, 'Case', 'Priddie', '5115767203', '1974-05-07', 'M', 'cpriddieqg@simplemachines.org', 'rvVbnnul5jj', '5108753651148441'),
(954, 'Modesty', 'Castro', '2494838155', '1975-09-18', 'F', 'mcastroqh@live.com', '2sbtXMttPik', '5048378262628210'),
(955, 'Shermy', 'Kem', '5931971493', '1979-02-19', 'M', 'skemqi@europa.eu', 'SHSMNP8Ngjt', '5048376370990134'),
(956, 'Trisha', 'Boss', '7245794154', '1999-04-11', 'F', 'tbossqj@myspace.com', 'p1LRICO2', '5048377587668455'),
(957, 'Krystalle', 'Ledram', '5356261953', '1984-12-01', 'F', 'kledramqk@cnn.com', '0VlELIJb7qv', '5108751178270201'),
(958, 'Vern', 'Babalola', '9253095445', '1999-09-12', 'M', 'vbabalolaql@i2i.jp', 'Kd1V1v', '5048378725629474'),
(959, 'Roosevelt', 'MacNucator', '8798909786', '2000-06-16', 'M', 'rmacnucatorqm@ifeng.com', 'eXoMfyc4Y', '5108756327640261'),
(960, 'Petrina', 'Braithwaite', '3525114745', '2001-01-09', 'F', 'pbraithwaiteqn@examiner.com', 'oRfb2JIfa', '5048378265849854'),
(961, 'Maurine', 'Evert', '7929795469', '2002-03-09', 'F', 'mevertqo@shareasale.com', 'dR8BqRmN3z', '5048370343752390'),
(962, 'Marin', 'Gosnay', '8253055705', '1989-08-17', 'F', 'mgosnayqp@list-manage.com', 'cAxKvmLz', '5048376355520534'),
(963, 'Franchot', 'Milroy', '1573634539', '1974-01-31', 'M', 'fmilroyqq@google.nl', 'B3qUhv', '5048377766377134'),
(964, 'Louella', 'Coomes', '1534416605', '1983-11-07', 'F', 'lcoomesqr@admin.ch', '72iMAzVnu', '5108752165927308'),
(965, 'Kimberlee', 'Hiner', '2904910188', '1974-12-20', 'F', 'khinerqs@dagondesign.com', 'Af57Ao', '5108751616998496'),
(966, 'Padraig', 'Crenshaw', '3027280897', '2000-05-17', 'M', 'pcrenshawqt@google.com.br', 'hibCZIl8oq', '5048375604070887'),
(967, 'Jennee', 'Greave', '6157265275', '1985-06-04', 'F', 'jgreavequ@tuttocitta.it', 'D2hwTjjPnXX', '5048374749460376'),
(968, 'Alfredo', 'Creenan', '9194457983', '1974-06-29', 'M', 'acreenanqv@taobao.com', 'Bo1SxO', '5108756588885159'),
(969, 'Lucretia', 'Doorey', '7593062308', '1972-10-06', 'F', 'ldooreyqw@domainmarket.com', 'rs85o10Tis', '5108751937476859'),
(970, 'Daphna', 'Knolles-Green', '7321116378', '1997-03-02', 'F', 'dknollesgreenqx@google.de', 'twP3icJB4Y', '5108758137098417'),
(971, 'Grace', 'Arter', '8435929534', '1996-06-13', 'M', 'garterqy@cbsnews.com', 'hv7lLoGr', '5048370991220476'),
(972, 'Pate', 'Coulthard', '1152289473', '1988-01-24', 'M', 'pcoulthardqz@google.com.au', 'ppAJqP7Ky', '5108752853616072'),
(973, 'Hilary', 'Skentelbury', '5187837960', '1976-05-09', 'F', 'hskentelburyr0@merriam-webster.com', 'iKSZnLd', '5108751848026272'),
(974, 'Currey', 'Petera', '5623405503', '1985-08-07', 'M', 'cpeterar1@wix.com', 'z0lzzpD', '5048377179542647'),
(975, 'Christel', 'Billanie', '8182638469', '1999-04-12', 'F', 'cbillanier2@lycos.com', 'uoIf1vi1', '5048372314883089'),
(976, 'Donall', 'Scholer', '8356922348', '2004-03-03', 'M', 'dscholerr3@slate.com', 'ajB5WsY', '5048375029389326'),
(977, 'Josefina', 'Meacher', '5827946285', '2003-08-19', 'F', 'jmeacherr4@huffingtonpost.com', 'zMuxPjhQW0EP', '5048371695653038'),
(978, 'Tracee', 'Lammertz', '3705205990', '1990-04-05', 'F', 'tlammertzr5@goo.ne.jp', 'UUqoEhVG6m', '5108758557328625'),
(979, 'Liane', 'Sinnocke', '5388710166', '1997-10-06', 'F', 'lsinnocker6@walmart.com', 'LBGPvAucX0An', '5108759661526930'),
(980, 'Callie', 'Newens', '2871003723', '1973-09-27', 'F', 'cnewensr7@ezinearticles.com', 'Ltrdabv1K9i', '5048375865839798'),
(981, 'Abbie', 'Cloke', '6772445266', '1978-09-24', 'M', 'acloker8@hao123.com', '9SOAegxY', '5048372679334009'),
(982, 'Alina', 'Presland', '4963880224', '1979-04-19', 'F', 'apreslandr9@nba.com', 'AqA2Zqk', '5108753984498992'),
(983, 'Cordie', 'Mulvaney', '3406680870', '1988-10-14', 'M', 'cmulvaneyra@yale.edu', 'frCtBf218oXU', '5048378991066807'),
(984, 'Angelika', 'Addams', '1683173147', '2001-06-21', 'F', 'aaddamsrb@privacy.gov.au', 'LjJxQtr8Fn', '5048378386117538'),
(985, 'Lilian', 'Figg', '5446379468', '1982-12-14', 'F', 'lfiggrc@over-blog.com', 'GLXmglZCe', '5048378859163852'),
(986, 'Adelheid', 'Grassot', '6558737540', '2002-12-14', 'F', 'agrassotrd@simplemachines.org', 'M44gaj', '5048373486276797'),
(987, 'Gilbertine', 'Dunbabin', '2181389586', '2001-02-24', 'F', 'gdunbabinre@cafepress.com', 'Mu5iEl2B', '5108759887715994'),
(988, 'Luca', 'Elldred', '5759413961', '1971-04-24', 'M', 'lelldredrf@ovh.net', 'GWI6Rq', '5048372896222987'),
(989, 'Herrick', 'Weth', '3511099394', '1989-09-08', 'M', 'hwethrg@i2i.jp', 'EWUXU38mEK', '5108759995484509'),
(990, 'Clevey', 'Madison', '3361069519', '1993-08-20', 'M', 'cmadisonrh@sciencedaily.com', 'UrYgt8H6t', '5108758513397367'),
(991, 'Tait', 'Franzelini', '9472745189', '1992-08-20', 'M', 'tfranzeliniri@people.com.cn', 'bW9d3JS', '5108750108487125'),
(992, 'Drusie', 'Boscher', '6688710628', '1993-03-08', 'F', 'dboscherrj@vinaora.com', 'Xs8wOj6XxY', '5048370702158643'),
(993, 'Graehme', 'Janousek', '9303386067', '1986-04-23', 'M', 'gjanousekrk@yellowpages.com', 'Rsf31Vt1', '5108758959187603'),
(994, 'Lily', 'Rackstraw', '6899828485', '1989-11-05', 'F', 'lrackstrawrl@com.com', 'iNWBSC33AH8q', '5108759994933175'),
(995, 'Michael', 'Sauniere', '4228335470', '2001-06-25', 'M', 'msauniererm@taobao.com', 'ntVTGCv', '5048378352079746'),
(996, 'Dael', 'Ronnay', '6285541485', '1994-04-25', 'F', 'dronnayrn@imageshack.us', 'Z9m2elc', '5048377431467088'),
(997, 'Colas', 'Ferryman', '7534177006', '1982-02-24', 'M', 'cferrymanro@ifeng.com', 'yND00lItx', '5108752372110326'),
(998, 'Kori', 'Deery', '3746841000', '1979-06-23', 'F', 'kdeeryrp@upenn.edu', '5yF7nFI', '5048377720319065'),
(999, 'Nanete', 'Paolo', '2099500696', '1982-08-15', 'F', 'npaolorq@ifeng.com', 'Ncx2sjhREhR1', '5108750918762881'),
(1000, 'Delaney', 'Frackiewicz', '3817645633', '1985-10-08', 'M', 'dfrackiewiczrr@ucoz.com', 'mjqMwJls', '5108751193559349');

-- --------------------------------------------------------

--
-- Table structure for table `user_action`
--

CREATE TABLE `user_action` (
  `action_id` int(6) NOT NULL,
  `order_id` int(11) NOT NULL,
  `promotion_id` varchar(7) DEFAULT NULL,
  `user_id` int(11) NOT NULL
) ENGINE=InnoDB DEFAULT CHARSET=utf8mb4 COLLATE=utf8mb4_general_ci;

-- --------------------------------------------------------

--
-- Table structure for table `user_address`
--

CREATE TABLE `user_address` (
  `user_address_id` int(11) NOT NULL,
  `user_id` int(11) NOT NULL,
  `user_address_line1` text NOT NULL,
  `user_address_line2` text NOT NULL,
  `user_city` text NOT NULL,
  `user_province` text NOT NULL,
  `user_postal_code` varchar(5) NOT NULL
) ENGINE=InnoDB DEFAULT CHARSET=utf8mb4 COLLATE=utf8mb4_general_ci;

--
-- Dumping data for table `user_address`
--

INSERT INTO `user_address` (`user_address_id`, `user_id`, `user_address_line1`, `user_address_line2`, `user_city`, `user_province`, `user_postal_code`) VALUES
(1, 1, 'Apt 463', '247 Kennedy Circle', 'Tobruk', '', ''),
(2, 2, 'Room 1599', '3425 Farragut Place', 'Kedungharjo', '', ''),
(3, 3, '5th Floor', '026 Hudson Circle', 'Zagora', '', ''),
(4, 4, 'Suite 98', '92 Chive Road', 'Campos Sales', '', '63150'),
(5, 5, 'Apt 1130', '223 Kennedy Circle', 'Tobruk', '', ''),
(6, 6, 'Suite 74', '750 Armistice Hill', 'Zaplavnoye', '', '40460'),
(7, 7, '12th Floor', '94842 Emmet Pass', 'Salaspils', '', ''),
(8, 8, 'Apt 375', '2362 Wayridge Park', 'Sokolniki', '', '98-42'),
(9, 9, 'PO Box 33815', '80 Esker Road', 'Sankeyushu', '', ''),
(10, 10, 'Suite 22', '360 Mallard Crossing', 'Ngaoundr', '', ''),
(11, 11, 'Apt 79', '142 Northland Drive', 'Rancaseneng', '', ''),
(12, 12, 'PO Box 80142', '3 Armistice Avenue', 'Hyesan-si', '', ''),
(13, 13, '1st Floor', '2670 Superior Pass', 'Berdyansk', '', ''),
(14, 14, 'Room 392', '983 Doe Crossing Hill', 'Huangbao', '', ''),
(15, 15, 'Suite 54', '118 Kenwood Circle', 'Nicoya', '', '50201'),
(16, 16, 'Room 478', '32 Brickson Park Pass', 'Zotw', '', '77-40'),
(17, 17, '19th Floor', '88768 Scott Avenue', 'Rjo Khanni', '', '72111'),
(18, 18, 'Suite 49', '869 Bay Trail', 'Lolotique', '', ''),
(19, 19, 'Room 1623', '2 Amoth Terrace', 'Shache', '', ''),
(20, 20, 'Room 849', '95 Dwight Court', 'Sukoreno', '', ''),
(21, 21, 'Suite 59', '6 Hooker Crossing', 'Olszwka', '', '62-64'),
(22, 22, 'Room 584', '6 Anhalt Trail', 'Gabs', '', ''),
(23, 23, '19th Floor', '77 Carberry Way', 'Yarumal', '', '05203'),
(24, 24, 'PO Box 29530', '77 Westport Point', 'Troitskoye', '', '14016'),
(25, 25, 'Suite 98', '80 Cody Lane', 'Cm Ph', '', ''),
(26, 26, '2nd Floor', '0 Nobel Crossing', 'Ar Rif', '', ''),
(27, 27, 'PO Box 34971', '3 Johnson Street', 'Venustiano Carranza', 'Veracruz Llave', '93848'),
(28, 28, '19th Floor', '66538 Lunder Hill', 'Dongfeng', '', ''),
(29, 29, 'Room 1757', '3 Dottie Pass', 'Daze', '', ''),
(30, 30, '2nd Floor', '70381 Eggendart Pass', 'Villa Urquiza', '', '4000'),
(31, 31, 'Suite 92', '1322 Dakota Terrace', 'Bedalewun', '', ''),
(32, 32, 'Room 741', '06700 Sage Place', 'Cabcaben', '', '2133'),
(33, 33, 'PO Box 28163', '8 Evergreen Pass', 'Kuala Lumpur', 'Kuala Lumpur', '50592'),
(34, 34, 'PO Box 62020', '158 8th Street', 'Liqizhuang', '', ''),
(35, 35, '1st Floor', '59598 Main Road', 'Al Wardnn', '', ''),
(36, 36, '9th Floor', '70225 Forest Dale Point', 'Padej', '', ''),
(37, 37, 'PO Box 94606', '95 Lillian Pass', 'Gaohe', '', ''),
(38, 38, '3rd Floor', '84487 Melrose Court', 'Cerca la Source', '', ''),
(39, 39, '17th Floor', '87 Dakota Center', 'Gyumri', '', ''),
(40, 40, 'PO Box 97822', '04773 Becker Street', 'Argivai', 'Porto', '4490-'),
(41, 41, 'PO Box 67345', '1249 Towne Circle', 'Tutong', '', ''),
(42, 42, 'Room 205', '8952 Towne Place', 'Bang Bua Thong', '', '11110'),
(43, 43, 'Suite 95', '40379 International Place', 'San Miguel', '', '8301'),
(44, 44, 'Apt 570', '9 Arizona Circle', 'Kalynivka', '', ''),
(45, 45, 'Room 1583', '336 Meadow Vale Plaza', 'Sangat', '', '4100'),
(46, 46, 'PO Box 48564', '225 Cordelia Parkway', 'Al Huff', '', ''),
(47, 47, '8th Floor', '8544 Kipling Park', 'Padas', '', ''),
(48, 48, 'Room 57', '0619 Fieldstone Junction', 'Nashville', 'Tennessee', '37245'),
(49, 49, 'Suite 94', '7 Norway Maple Road', 'Gaolong', '', ''),
(50, 50, '16th Floor', '68 Iowa Park', 'Alcabideche', 'Lisboa', '2645-'),
(51, 51, '8th Floor', '178 Northland Circle', 'Kilcullen', '', 'Y25'),
(52, 52, 'Suite 33', '5 Summerview Avenue', 'Sabl-sur-Sarthe', 'Pays de la Loire', '72304'),
(53, 53, 'Suite 65', '444 Arizona Plaza', 'Erie', 'Pennsylvania', '16522'),
(54, 54, 'Room 1942', '0714 Village Parkway', 'Oebatu', '', ''),
(55, 55, '6th Floor', '58365 Rockefeller Junction', 'Ngeru', '', ''),
(56, 56, 'PO Box 90095', '1343 Valley Edge Pass', 'Zmiennica', '', '36-21'),
(57, 57, 'Room 1079', '3 Butternut Junction', 'Tangban', '', ''),
(58, 58, 'Suite 22', '94182 Green Avenue', 'Sernovodsk', '', '36670'),
(59, 59, '10th Floor', '9 Tony Crossing', 'Madrid', 'Madrid', '28050'),
(60, 60, 'Room 1581', '91403 Declaration Terrace', 'Sidaurip', '', ''),
(61, 61, 'PO Box 62647', '9 Sunfield Junction', 'Hobart', 'Tasmania', '7803'),
(62, 62, '8th Floor', '302 Old Shore Circle', 'Verkhniy Landekh', '', '15521'),
(63, 63, 'Room 976', '17 Anhalt Center', 'Sanli', '', ''),
(64, 64, 'Apt 811', '8 Nevada Hill', 'Watubuku', '', ''),
(65, 65, 'Suite 83', '3 Armistice Parkway', 'Baniachang', '', '3350'),
(66, 66, 'Room 1373', '8 Ridge Oak Point', 'Quanjiang', '', ''),
(67, 67, 'Suite 51', '0329 Ramsey Alley', 'Str', '', '430 0'),
(68, 68, 'PO Box 36574', '404 Havey Circle', 'Junyang', '', ''),
(69, 69, 'Room 896', '7 Di Loreto Road', 'Vannes', 'Bretagne', '56902'),
(70, 70, 'Apt 753', '3 Moulton Avenue', 'Oetuke', '', ''),
(71, 71, '3rd Floor', '0305 Birchwood Center', 'Kameda-honch', '', '956-0'),
(72, 72, 'Apt 558', '74988 Orin Crossing', 'Kapakabisa', '', ''),
(73, 73, 'Suite 90', '35 Lake View Plaza', 'Chauk', '', ''),
(74, 74, 'Room 1945', '0997 Fairfield Circle', 'Sernancelhe', 'Viseu', '3640-'),
(75, 75, 'Room 1686', '23 Dayton Way', 'Los Pinos', 'Guanajuato', '36780'),
(76, 76, 'Suite 36', '0260 Erie Road', 'Inuvik', 'Northwest Territories', 'E8L'),
(77, 77, 'Room 803', '7101 Basil Hill', 'Xichang', '', ''),
(78, 78, '11th Floor', '2 Pond Park', 'Tengqiao', '', ''),
(79, 79, 'Suite 79', '32 Stuart Alley', 'Legen', '', '2383'),
(80, 80, '18th Floor', '5 Hintze Point', 'So Francisco', '', '49945'),
(81, 81, 'Suite 23', '92 1st Drive', 'Gambo', '', ''),
(82, 82, 'PO Box 37714', '4968 Doe Crossing Circle', 'Kiili', '', ''),
(83, 83, 'PO Box 1387', '87 Crowley Terrace', 'Sapotskin', '', ''),
(84, 84, '15th Floor', '643 Lawn Avenue', 'Alikalia', '', ''),
(85, 85, 'Apt 632', '747 Del Sol Crossing', 'Vila Nova de Santo Andr', 'Setbal', '7500-'),
(86, 86, 'Room 10', '5 Arkansas Crossing', 'Wulong', '', ''),
(87, 87, 'Apt 203', '61 Miller Center', 'Lapu-Lapu City', '', '6015'),
(88, 88, 'Apt 726', '7307 Morrow Pass', 'Suso', '', '2725'),
(89, 89, 'Room 912', '9 Westport Point', 'Xilu', '', ''),
(90, 90, '6th Floor', '9 Myrtle Place', 'San Isidro', '', '4124'),
(91, 91, '14th Floor', '85 East Junction', 'Pantubig', '', '1706'),
(92, 92, 'Apt 1422', '13817 Sunfield Plaza', 'Jijiang', '', ''),
(93, 93, '1st Floor', '00 Clarendon Crossing', 'Mikhnvo', '', '14284'),
(94, 94, 'PO Box 43508', '720 Chive Parkway', 'Valledupar', '', '20001'),
(95, 95, 'Apt 1081', '1 Roxbury Terrace', 'Kuripan', '', ''),
(96, 96, 'Apt 1590', '2 Rusk Place', 'Gandara', '', '6706'),
(97, 97, 'Apt 1878', '57 Pawling Alley', 'Tohautu', '', ''),
(98, 98, '6th Floor', '34 Old Gate Junction', 'Skoczw', '', '43-43'),
(99, 99, 'Apt 250', '20525 Bartelt Point', 'Balitai', '', ''),
(100, 100, 'Suite 87', '779 Elmside Parkway', 'Maopingchang', '', ''),
(101, 101, 'Apt 492', '21 Sullivan Avenue', 'Kudanding', '', '9811'),
(102, 102, '6th Floor', '1224 Straubel Parkway', 'La Molina', '', ''),
(103, 103, 'Apt 1356', '27121 Beilfuss Place', 'Santo Andr', '', '09000'),
(104, 104, 'PO Box 22264', '8490 Glendale Park', 'Krzemienica', '', '37-12'),
(105, 105, '9th Floor', '842 Mcbride Park', 'Temonice', '', '538 4'),
(106, 106, '14th Floor', '25228 Carpenter Junction', 'Gaoguan', '', ''),
(107, 107, 'Suite 97', '52 Darwin Junction', 'Goulmima', '', ''),
(108, 108, 'PO Box 73506', '8 Little Fleur Point', 'Shuangyang', '', ''),
(109, 109, '14th Floor', '3447 Amoth Pass', 'Nevers', 'Bourgogne', '58017'),
(110, 110, 'Apt 1334', '72 Westport Plaza', 'Loacan', '', '2612'),
(111, 111, 'PO Box 68970', '469 Blue Bill Park Crossing', 'Nizhniy Tagil', '', '62205'),
(112, 112, 'Apt 1224', '735 Bayside Alley', 'Huntington Beach', 'California', '92648'),
(113, 113, 'Room 1993', '6225 Thierer Way', 'Shido', '', '769-2'),
(114, 114, 'Apt 764', '9880 Carberry Park', 'Ebetsu', '', '163-0'),
(115, 115, 'Apt 1068', '15 Di Loreto Avenue', 'Napuro', '', '6709'),
(116, 116, '1st Floor', '44 Harbort Circle', 'Olenyok', '', '64102'),
(117, 117, 'Suite 54', '84 Westport Road', 'Khanino', '', '30142'),
(118, 118, 'Apt 1787', '0195 Golf View Center', 'Bziers', 'Languedoc-Roussillon', '34504'),
(119, 119, '19th Floor', '77268 Packers Terrace', 'Ciriri', '', ''),
(120, 120, 'PO Box 87894', '9744 Moulton Circle', 'Mingzhong', '', ''),
(121, 121, 'Apt 470', '13 Buena Vista Terrace', 'Lourdes', '', '1114'),
(122, 122, 'Room 1541', '070 Basil Hill', 'Tando Muhammad Khn', '', '70220'),
(123, 123, 'PO Box 33820', '0433 Vahlen Alley', 'Romba', '', ''),
(124, 124, 'PO Box 18557', '07 Algoma Crossing', 'Agboville', '', ''),
(125, 125, '14th Floor', '34849 Coleman Crossing', 'Islmkot', '', '69240'),
(126, 126, 'Apt 756', '9 Glacier Hill Point', 'Wrblew', '', '98-28'),
(127, 127, 'Apt 1193', '91094 Veith Drive', 'Jami', '', ''),
(128, 128, 'Suite 2', '51 Tennyson Hill', 'Okegawa', '', '365-0'),
(129, 129, 'Suite 48', '39176 Pankratz Road', 'Maglajani', '', ''),
(130, 130, 'Suite 1', '70 Corben Point', 'Akordat', '', ''),
(131, 131, 'Apt 30', '41387 Dennis Plaza', 'San Rafael', 'San Luis Potosi', '79783'),
(132, 132, 'PO Box 78521', '04 Jenna Center', 'Juan de Acosta', '', '08104'),
(133, 133, '14th Floor', '2 Dennis Place', 'Olonets', '', '18600'),
(134, 134, 'Room 197', '8 Glacier Hill Junction', 'Koriss', '', ''),
(135, 135, 'Room 1190', '295 Badeau Drive', 'Kuanchuan', '', ''),
(136, 136, '3rd Floor', '4 Charing Cross Terrace', 'Argotirto Krajan', '', ''),
(137, 137, 'Suite 72', '13 Farmco Drive', 'Boissevain', 'Manitoba', 'G7S'),
(138, 138, '7th Floor', '473 Carpenter Street', 'Reshetylivka', '', ''),
(139, 139, 'Apt 1491', '14426 Del Sol Circle', 'Fcamp', 'Haute-Normandie', '76404'),
(140, 140, '2nd Floor', '7 Coolidge Crossing', 'Fort McMurray', 'Alberta', 'T9J'),
(141, 141, 'Room 779', '65016 Burning Wood Circle', 'Loanda', '', '87900'),
(142, 142, 'Apt 1250', '9100 Norway Maple Center', 'Kbenhavn', 'Region Hovedstaden', '1430'),
(143, 143, 'PO Box 24280', '7 Dryden Circle', 'Port-de-Bouc', 'Provence-Alpes-Cte d\'Azur', '13524'),
(144, 144, 'Suite 56', '715 Commercial Parkway', 'Shuanghekou', '', ''),
(145, 145, '9th Floor', '56 Sugar Place', 'Sukaraharja', '', ''),
(146, 146, 'Apt 414', '00 Bunting Point', 'San Silvestre', '', ''),
(147, 147, 'Apt 100', '146 Linden Road', 'Cikiray', '', ''),
(148, 148, 'Suite 1', '95 Rieder Pass', 'Fredrikstad', 'Ostfold', '1616'),
(149, 149, 'Room 370', '4 Butterfield Drive', 'Huangli', '', ''),
(150, 150, 'PO Box 47524', '813 Melby Terrace', 'Shuanghe', '', ''),
(151, 151, '2nd Floor', '2 Graceland Crossing', 'Kampungdesa', '', ''),
(152, 152, '13th Floor', '08311 Park Meadow Trail', 'Vittel', 'Lorraine', '88804'),
(153, 153, 'Room 1718', '7 Walton Trail', 'Paraso', '', ''),
(154, 154, 'Apt 685', '68 Briar Crest Street', 'Fush-Muhurr', '', ''),
(155, 155, 'PO Box 59871', '8 Mandrake Parkway', 'Murmansk', '', '18398'),
(156, 156, '6th Floor', '253 Kenwood Road', 'Sabi', '', ''),
(157, 157, 'PO Box 11769', '2 Marcy Avenue', 'Rad', '', ''),
(158, 158, 'Suite 82', '651 La Follette Plaza', 'Kapsan-p', '', ''),
(159, 159, 'Suite 11', '0 Calypso Way', 'Lykvrysi', '', ''),
(160, 160, 'Room 1722', '208 Roxbury Junction', 'Angol', '', ''),
(161, 161, '14th Floor', '605 Eagle Crest Center', 'Xinqiao', '', ''),
(162, 162, '1st Floor', '7 Lillian Circle', 'Drahichyn', '', ''),
(163, 163, 'Apt 1338', '55 Monterey Street', 'Beidou', '', ''),
(164, 164, 'Room 1239', '362 Hermina Trail', 'Quints', 'Aveiro', '3830-'),
(165, 165, 'Suite 61', '7 Kenwood Plaza', 'Banghai', '', ''),
(166, 166, '11th Floor', '6575 Merry Center', 'Podgorica', '', ''),
(167, 167, 'Apt 994', '76488 Helena Hill', 'Mirskoy', '', '35215'),
(168, 168, '10th Floor', '59 Elgar Point', 'Vir', '', '1241'),
(169, 169, 'Apt 1859', '294 Mccormick Center', 'Dasol', '', '2411'),
(170, 170, 'Room 989', '5 Thompson Court', 'Khoyniki', '', ''),
(171, 171, 'Room 987', '47 Russell Way', 'Shanshu', '', ''),
(172, 172, '13th Floor', '7 Fairfield Hill', 'Nario', '', '25283'),
(173, 173, 'Suite 83', '08816 Atwood Road', 'Gamboula', '', ''),
(174, 174, 'Apt 1543', '6998 Doe Crossing Pass', 'Osorno', '', ''),
(175, 175, '9th Floor', '293 Fulton Center', 'Kbenhavn', 'Region Hovedstaden', '1420'),
(176, 176, 'PO Box 3083', '1 Maple Wood Park', 'Aristbulo del Valle', '', '3363'),
(177, 177, 'Room 1334', '29 Fairview Court', 'Gelatik', '', ''),
(178, 178, 'Room 61', '71689 Dennis Crossing', 'Mshinskaya', '', '44294'),
(179, 179, 'PO Box 40214', '60 Gulseth Point', 'Xinmin', '', ''),
(180, 180, 'Room 1182', '9 Moulton Hill', 'Sinacaban', '', '7203'),
(181, 181, 'Room 776', '28046 Mandrake Hill', 'Kalibaru', '', ''),
(182, 182, 'Suite 48', '0 Gerald Place', 'Malvinas Argentinas', '', '5125'),
(183, 183, 'Suite 34', '821 Monument Circle', 'irovnica', '', '4274'),
(184, 184, '6th Floor', '45294 Utah Lane', 'Tobias Fornier', '', '5716'),
(185, 185, '15th Floor', '529 Moose Way', 'Morteros', '', '2421'),
(186, 186, '17th Floor', '4451 Sunbrook Lane', 'Huangshapu', '', ''),
(187, 187, 'PO Box 61257', '548 Lotheville Plaza', 'Lucma', '', ''),
(188, 188, 'PO Box 81073', '7 Fisk Junction', 'Aqtbe', '', ''),
(189, 189, 'Apt 340', '666 Glacier Hill Center', 'Mit', '', '05402'),
(190, 190, 'Suite 96', '957 Veith Street', 'Al Midyah', '', ''),
(191, 191, 'Room 417', '5 Jenifer Road', 'La Gomera', '', '05007'),
(192, 192, 'Apt 384', '34 Manufacturers Parkway', 'Ostrw Wielkopolski', '', '63-41'),
(193, 193, 'Apt 430', '38 Garrison Place', 'Palmas de Monte Alto', '', '46460'),
(194, 194, 'Suite 64', '0 Merry Way', 'Changbai', '', ''),
(195, 195, 'Room 1435', '146 Onsgard Place', 'Castanhal', '', '68740'),
(196, 196, 'Suite 3', '58774 Declaration Parkway', 'Meilin', '', ''),
(197, 197, 'Room 282', '923 Ramsey Junction', 'Lahar', '', ''),
(198, 198, 'Room 1982', '98 Kipling Alley', 'Meishan', '', ''),
(199, 199, 'Suite 99', '57204 Sunnyside Pass', 'Uzhhorod', '', ''),
(200, 200, '3rd Floor', '9 Fair Oaks Crossing', 'Novoaleksandrovsk', '', '35600'),
(201, 201, 'Apt 1686', '103 Lakewood Terrace', 'Springfield', 'Missouri', '65810'),
(202, 202, 'Suite 73', '1688 Fallview Point', 'Roblin', 'Manitoba', 'R7N'),
(203, 203, 'Suite 27', '684 Jay Road', 'Maggotty', '', ''),
(204, 204, 'Apt 606', '6930 Coolidge Road', 'Morazn', '', ''),
(205, 205, 'PO Box 41919', '08674 Shasta Center', 'Przybyszwka', '', '36-04'),
(206, 206, 'Apt 884', '703 Doe Crossing Road', 'Perdes', '', '37260'),
(207, 207, 'Apt 359', '53389 Birchwood Place', 'Saidpur', '', '5311'),
(208, 208, 'Apt 878', '81529 Scott Plaza', 'Ndofane', '', ''),
(209, 209, 'Apt 1015', '9233 3rd Park', 'Pangapisan', '', '4001'),
(210, 210, 'PO Box 39417', '87 Chinook Drive', 'Gebre Guracha', '', ''),
(211, 211, 'Suite 42', '677 Maple Wood Point', 'Palpal', '', '4612'),
(212, 212, 'Room 1809', '77046 American Way', 'Kishiwada', '', '571-0'),
(213, 213, '15th Floor', '35 Forster Center', 'Balky', '', ''),
(214, 214, 'Suite 99', '12332 Bultman Crossing', 'Shewopo', '', ''),
(215, 215, 'Room 1829', '07 Hoffman Hill', 'Nrnberg', 'Bayern', '90451'),
(216, 216, 'Apt 835', '4 Weeping Birch Place', 'Tubigan', '', '9022'),
(217, 217, 'Room 1887', '9 Moulton Avenue', 'Yinkeng', '', ''),
(218, 218, 'Room 1381', '2 Forest Run Place', 'Lidian', '', ''),
(219, 219, '14th Floor', '11688 Little Fleur Park', 'Zwolle', 'Provincie Overijssel', '8019'),
(220, 220, 'Room 70', '6 Jay Park', 'Stari Banovci', '', ''),
(221, 221, 'PO Box 27349', '6398 Golf Avenue', 'Navatat', '', '0905'),
(222, 222, 'PO Box 92016', '067 Mayer Plaza', 'Darungan', '', ''),
(223, 223, 'Apt 1901', '1401 Boyd Court', 'Vstra Frlunda', 'Vstra Gtaland', '426 7'),
(224, 224, 'PO Box 95941', '55 High Crossing Trail', 'Dst Moammad Khn', '', ''),
(225, 225, '2nd Floor', '4112 High Crossing Parkway', 'San Cristbal Verapaz', '', '21005'),
(226, 226, 'Suite 47', '80 Cardinal Place', 'San Francisco', '', '8501'),
(227, 227, 'Room 386', '1 Fremont Point', 'Tlumaov', '', '763 6'),
(228, 228, 'PO Box 33865', '2 Raven Pass', 'Fuan', '', ''),
(229, 229, 'PO Box 96449', '8 Colorado Parkway', 'Pawa', '', '4501'),
(230, 230, 'Room 1287', '5 Crownhardt Avenue', 'Sanli', '', ''),
(231, 231, 'Room 1528', '61712 Magdeline Circle', 'Boto', '', ''),
(232, 232, 'Apt 1108', '1791 Corry Center', 'Pvoa de Penela', 'Viseu', '3630-'),
(233, 233, 'Suite 20', '08061 Red Cloud Alley', 'Shuangzhong', '', ''),
(234, 234, 'Apt 1176', '2056 Mockingbird Hill', 'Angasmarca', '', ''),
(235, 235, 'Suite 31', '948 Badeau Trail', 'Novikovo', '', '65951'),
(236, 236, 'Room 228', '96097 Quincy Park', 'Aleg', '', ''),
(237, 237, 'PO Box 92231', '3 Stang Plaza', 'El Retn', '', '47806'),
(238, 238, 'Room 1758', '070 Annamark Circle', 'Lamego', 'Viseu', '5100-'),
(239, 239, 'PO Box 87369', '36858 Longview Alley', 'Chacabuco', '', '2670'),
(240, 240, 'Suite 8', '4367 Dakota Alley', 'Santa Brbara', '', '13010'),
(241, 241, 'PO Box 31762', '53944 Merry Road', 'Jinping', '', ''),
(242, 242, 'Apt 1467', '08593 Haas Junction', 'Elimki', '', '47201'),
(243, 243, 'PO Box 68637', '1546 Roxbury Crossing', 'Tanzybey', '', '65322'),
(244, 244, 'Suite 34', '77 Boyd Point', 'Horn Bza', '', '330 1'),
(245, 245, 'Apt 42', '3 Green Ridge Park', 'Beauharnois', 'Qubec', 'J6N'),
(246, 246, 'Room 185', '7993 Mosinee Terrace', 'Horta', 'Guarda', '5155-'),
(247, 247, 'Apt 1208', '7321 Carberry Road', 'Jirj', '', ''),
(248, 248, 'Room 1764', '60538 Kropf Point', 'Terek', '', '36120'),
(249, 249, 'Apt 1770', '014 Manitowish Hill', 'Yakimovo', '', '3640'),
(250, 250, 'Room 244', '2993 Fisk Road', 'Arvika', 'Vrmland', '671 4'),
(251, 251, 'Suite 98', '7 Dwight Road', 'Bua Yai', '', '30120'),
(252, 252, 'Apt 173', '0 Ridgeview Point', 'Pedreira', '', '13920'),
(253, 253, '10th Floor', '93577 Jackson Circle', 'Emiliano Zapata', 'Veracruz Llave', '96818'),
(254, 254, 'PO Box 1083', '8461 Nelson Park', 'Tinabogan', '', ''),
(255, 255, 'Room 702', '62412 Fairfield Pass', 'Radnice', '', '789 8'),
(256, 256, '20th Floor', '33675 Anzinger Pass', 'Masingbi', '', ''),
(257, 257, 'PO Box 37094', '59497 Grover Pass', 'Dayuan', '', ''),
(258, 258, 'Suite 22', '241 Lighthouse Bay Lane', 'Raoshi', '', ''),
(259, 259, 'PO Box 36306', '028 Atwood Avenue', 'Sanandaj', '', ''),
(260, 260, 'Suite 96', '4762 Hanson Park', 'Qingshan', '', ''),
(261, 261, 'PO Box 80891', '6324 Gale Place', 'Medveditskiy', '', '40377'),
(262, 262, 'Suite 5', '29506 Onsgard Plaza', 'Villamara', '', '17600'),
(263, 263, '1st Floor', '01722 Jackson Crossing', 'Sidamukti', '', ''),
(264, 264, 'Apt 1631', '843 Norway Maple Parkway', 'Yafran', '', ''),
(265, 265, 'Suite 2', '56 Merchant Avenue', 'Pereira', 'Porto', '4650-'),
(266, 266, 'Suite 67', '94 Sloan Court', 'Ashiya', '', '807-0'),
(267, 267, 'Room 1480', '50050 Menomonie Hill', 'Chimtl', '', ''),
(268, 268, '5th Floor', '16925 Hoard Avenue', 'Lakhdenpokhya', '', '18673'),
(269, 269, 'Suite 68', '9793 Glendale Circle', 'Shiren', '', ''),
(270, 270, 'PO Box 34008', '0 Grim Terrace', 'Laikit, Laikit II (Dimembe)', '', ''),
(271, 271, 'Suite 53', '57901 Pankratz Trail', 'Eska', '', ''),
(272, 272, '9th Floor', '969 Forster Circle', 'Laxiong', '', ''),
(273, 273, 'PO Box 1271', '91171 Sage Alley', 'Mikstat', '', '63-51'),
(274, 274, 'Room 1502', '6017 Delladonna Way', 'Tekikbanyuurip', '', ''),
(275, 275, '5th Floor', '7818 Westport Hill', 'Milicz', '', '56-30'),
(276, 276, 'Room 311', '4 Gale Street', 'Gaoping', '', ''),
(277, 277, 'PO Box 50557', '04 Lakewood Avenue', 'Sanchahe', '', ''),
(278, 278, 'Apt 725', '9 Almo Alley', 'Gromadka', '', '59-70'),
(279, 279, 'Apt 606', '9 Chive Plaza', 'Nlchiti', '', '8421'),
(280, 280, 'Apt 141', '331 Donald Road', 'Vila Nova', 'Braga', '4710-'),
(281, 281, 'Room 580', '1 Sunfield Court', 'Seixo Alvo', 'Porto', '4415-'),
(282, 282, 'Apt 1756', '59 Bashford Circle', 'Sam Khok', '', '12160'),
(283, 283, 'PO Box 94403', '341 Weeping Birch Circle', 'Tegarenkrajan', '', ''),
(284, 284, 'Room 625', '8043 Jenifer Plaza', 'Andoany', '', ''),
(285, 285, 'Room 783', '9924 Lotheville Way', 'Khalopyenichy', '', ''),
(286, 286, 'Room 87', '27163 La Follette Point', 'Si Bun Rueang', '', '39180'),
(287, 287, 'Room 1428', '99 Leroy Circle', 'Teuva', '', '64701'),
(288, 288, '7th Floor', '33145 Everett Circle', 'Calheta de Nesquim', 'Ilha do Pico', '9930-'),
(289, 289, 'Apt 508', '03182 East Alley', 'Berlin', 'Berlin', '14199'),
(290, 290, 'Apt 1131', '086 Maywood Point', 'Breda', 'Provincie Noord-Brabant', '4829'),
(291, 291, 'Suite 37', '7065 Tennessee Alley', 'Ad Dwnyah', '', ''),
(292, 292, '7th Floor', '83221 Northport Court', 'Torres Novas', 'Santarm', '2350-'),
(293, 293, 'Suite 72', '85 Mitchell Place', 'Javhlant', '', ''),
(294, 294, 'PO Box 21167', '95460 Russell Trail', 'Brganj', '', ''),
(295, 295, 'Suite 30', '163 Meadow Ridge Drive', 'Nosy Varika', '', ''),
(296, 296, 'Apt 1653', '3767 Valley Edge Way', 'La Huerta', 'Mexico', '53338'),
(297, 297, 'Room 530', '91 Northwestern Alley', 'Concordia', '', '5046'),
(298, 298, 'Apt 1709', '5186 Anhalt Crossing', 'Yujiawu', '', ''),
(299, 299, 'PO Box 95713', '87 Bobwhite Junction', 'Foso', '', ''),
(300, 300, 'Room 567', '71 Rockefeller Court', 'Bobon', '', '6401'),
(301, 301, '1st Floor', '518 Randy Terrace', 'Bangjun', '', ''),
(302, 302, 'PO Box 57351', '363 Longview Parkway', 'Bristol', 'England', 'BS41'),
(303, 303, 'Room 1192', '362 Dapin Drive', 'Suhe', '', ''),
(304, 304, 'Room 1961', '8 Almo Alley', 'Ziyang', '', ''),
(305, 305, 'Apt 840', '273 Rutledge Lane', 'Rbnia', '', 'MD-55'),
(306, 306, 'PO Box 14508', '83 Gulseth Junction', 'Catarman', '', '9104'),
(307, 307, '4th Floor', '21297 Dexter Avenue', 'Filtion', '', ''),
(308, 308, 'Suite 16', '654 Columbus Avenue', 'Domsj', 'Vsternorrland', '892 3'),
(309, 309, '10th Floor', '4347 Veith Way', 'Chocos', '', ''),
(310, 310, '15th Floor', '8 Jenna Hill', 'Slat al rithyah', '', ''),
(311, 311, 'Suite 31', '87022 Hermina Plaza', 'Diyarb Najm', '', ''),
(312, 312, 'Apt 1252', '784 Service Center', 'Niebylec', '', '38-11'),
(313, 313, 'Room 560', '5 Waxwing Plaza', 'Ermelo', 'Vila Real', '4880-'),
(314, 314, '15th Floor', '84 Walton Point', 'Lipnica Wielka', '', '34-48'),
(315, 315, 'Room 1364', '8 Eastwood Point', 'Tapayan', '', '1711'),
(316, 316, 'Suite 14', '740 Kropf Place', 'Khayr K', '', ''),
(317, 317, 'Room 1056', '6612 American Ash Crossing', 'Sarakhs', '', ''),
(318, 318, 'Apt 1057', '4 Brentwood Drive', 'Tash-Kumyr', '', ''),
(319, 319, 'Apt 932', '1809 Bunker Hill Alley', 'Casais de Revelhos', 'Santarm', '2200-'),
(320, 320, 'PO Box 7494', '3 Morrow Court', 'Lubna', '', ''),
(321, 321, 'Room 1543', '4302 Independence Way', 'Jinggan', '', ''),
(322, 322, '5th Floor', '2 Waubesa Place', 'Itako', '', '311-2'),
(323, 323, '5th Floor', '84 Mosinee Pass', 'Melfi', '', ''),
(324, 324, 'Suite 1', '16 Lerdahl Junction', 'Tomay Kichwa', '', ''),
(325, 325, 'Apt 560', '3 Maple Parkway', 'Santo Nio', '', '6711'),
(326, 326, 'PO Box 34559', '4 Rusk Plaza', 'Falkenberg', 'Halland', '311 3'),
(327, 327, 'Room 1644', '6 Ridgeview Way', 'Novo-Nikolskoye', '', '60757'),
(328, 328, '1st Floor', '8697 Heffernan Terrace', 'Cabak Satu', '', ''),
(329, 329, 'Apt 336', '14 Lien Alley', 'Kalangan', '', ''),
(330, 330, 'PO Box 45959', '8135 Fairfield Alley', 'Kuala Lumpur', 'Kuala Lumpur', '50902'),
(331, 331, 'Suite 97', '6866 Gale Trail', 'El Cuy', '', '8333'),
(332, 332, 'Apt 1912', '15531 Lukken Circle', 'Curuan', '', '6511'),
(333, 333, 'Room 312', '0057 Porter Lane', 'Shifang', '', ''),
(334, 334, '20th Floor', '226 Continental Lane', 'Alabat', '', '4333'),
(335, 335, 'PO Box 53116', '6 Prairieview Circle', 'Barg-e Matl', '', ''),
(336, 336, '17th Floor', '75101 Norway Maple Hill', 'Xialaba', '', ''),
(337, 337, '15th Floor', '7 Sheridan Court', 'Purda', '', '11-03'),
(338, 338, '6th Floor', '433 Butternut Plaza', 'Urek-urek', '', ''),
(339, 339, '5th Floor', '81 Columbus Avenue', 'Novyy Svit', '', ''),
(340, 340, 'Suite 35', '38 American Drive', 'Amman', '', ''),
(341, 341, 'Apt 306', '358 John Wall Crossing', 'Huelkail', '', ''),
(342, 342, '9th Floor', '4087 Victoria Court', 'Barkol', '', ''),
(343, 343, 'Suite 61', '53116 Redwing Point', 'Simabur', '', ''),
(344, 344, 'Room 1738', '9106 Prairie Rose Trail', 'Ciranca Satu', '', ''),
(345, 345, 'Apt 1587', '5 Dapin Street', 'Kawanoech', '', '799-0'),
(346, 346, 'PO Box 75161', '47075 Lillian Street', 'Caojia', '', ''),
(347, 347, 'Room 1729', '0476 Mccormick Street', 'Budakovo', '', ''),
(348, 348, 'Suite 5', '26 7th Drive', 'Trakan Phut Phon', '', '90120'),
(349, 349, 'Apt 937', '04620 Comanche Hill', 'Zheshart', '', '16904'),
(350, 350, 'PO Box 10520', '3922 Swallow Place', 'Pringu', '', ''),
(351, 351, 'PO Box 55959', '86 Derek Road', 'Changan', '', ''),
(352, 352, 'Suite 4', '2072 Marcy Circle', 'Krajanbonjor', '', ''),
(353, 353, 'Suite 45', '643 Fairfield Street', 'Colonia Catuete', '', ''),
(354, 354, 'Room 525', '63 Briar Crest Junction', 'Combapata', '', ''),
(355, 355, '17th Floor', '0136 8th Avenue', 'Dongshandi', '', ''),
(356, 356, 'Room 684', '85148 Badeau Terrace', 'Al Qadms', '', ''),
(357, 357, 'Apt 420', '397 Spaight Terrace', 'Santa Rosa', '', ''),
(358, 358, '19th Floor', '70963 Shelley Center', 'San Juan', '', '6227'),
(359, 359, 'Apt 1756', '37 Lindbergh Terrace', 'Yinnouli', '', ''),
(360, 360, '12th Floor', '89 Westerfield Street', 'Sananrejo', '', ''),
(361, 361, '6th Floor', '4610 Miller Junction', 'Igreja', 'Viana do Castelo', '4970-'),
(362, 362, '10th Floor', '5 Pepper Wood Park', 'Baota', '', ''),
(363, 363, 'Suite 65', '5 Birchwood Park', 'Gaoxiang', '', ''),
(364, 364, 'Room 1853', '54618 Lukken Junction', 'Guder', '', ''),
(365, 365, 'Suite 37', '46094 Mallard Avenue', 'Guxi', '', ''),
(366, 366, 'Suite 61', '3 Graceland Point', 'Chicago', 'Illinois', '60630'),
(367, 367, '9th Floor', '8 Scofield Parkway', 'Tucupido', '', ''),
(368, 368, 'PO Box 93534', '02 Mosinee Junction', 'Rebrikha', '', '65854'),
(369, 369, '7th Floor', '5 Anthes Point', 'Shangchewan', '', ''),
(370, 370, 'Suite 28', '66 Melvin Junction', 'Zaranj', '', ''),
(371, 371, 'PO Box 34986', '240 Lillian Circle', 'Prengtale', '', ''),
(372, 372, 'Suite 32', '82887 Roxbury Court', 'Zhoukou', '', ''),
(373, 373, 'Room 1500', '444 Main Drive', 'Wrzenia', '', '62-31'),
(374, 374, '10th Floor', '592 Forster Place', 'Farinheiras', 'Setbal', '2840-'),
(375, 375, 'Apt 1639', '0874 Sherman Junction', 'Longzhou', '', ''),
(376, 376, 'Suite 53', '8102 Vernon Alley', 'Kampong Thom', '', ''),
(377, 377, 'Room 1874', '08 Cambridge Trail', 'Walferdange', '', 'L-727'),
(378, 378, 'PO Box 8008', '3 Arrowood Alley', 'Paris 09', 'le-de-France', '75318'),
(379, 379, '15th Floor', '6607 Dottie Place', 'Wangying', '', ''),
(380, 380, '1st Floor', '502 West Avenue', 'Cidadap', '', ''),
(381, 381, '10th Floor', '05 Ruskin Park', 'Scarborough', '', ''),
(382, 382, 'Apt 1679', '41 Springs Circle', 'Slavske', '', ''),
(383, 383, 'Suite 100', '1 Dakota Place', 'Daliu', '', ''),
(384, 384, 'Room 1912', '48 Corscot Court', 'Dmitriyevskaya', '', '35214'),
(385, 385, 'Apt 528', '59266 Ohio Hill', 'Shbara', '', '727-0'),
(386, 386, 'Suite 4', '441 Westridge Crossing', 'Montpellier', 'Languedoc-Roussillon', '34194'),
(387, 387, 'Room 413', '151 Anthes Center', 'Enjitsu', '', ''),
(388, 388, 'Suite 22', '6796 Sunnyside Plaza', 'Sosnytsya', '', ''),
(389, 389, 'Room 1171', '300 Springview Alley', 'Dobra', '', '72-21'),
(390, 390, '7th Floor', '919 Mesta Park', 'San Antonio de los Baos', '', ''),
(391, 391, '14th Floor', '60893 Stoughton Road', 'Kankan', '', ''),
(392, 392, 'Apt 374', '85 Bowman Street', 'Santa Ana', '', ''),
(393, 393, '11th Floor', '674 Roxbury Drive', 'Kampong Cham', '', ''),
(394, 394, 'Suite 26', '382 Schiller Way', 'Quinta', 'Braga', '4860-'),
(395, 395, 'Suite 64', '4 Mcbride Court', 'Kumanovo', '', '1300'),
(396, 396, '20th Floor', '99505 Clove Point', 'Sietesz', '', '37-20'),
(397, 397, 'Room 1640', '43 Dottie Avenue', 'Patiya', '', '4219'),
(398, 398, 'PO Box 24354', '31 Badeau Way', 'Taourirt', '', ''),
(399, 399, 'Apt 799', '633 Center Plaza', 'Dushan', '', ''),
(400, 400, 'Suite 35', '9912 Dexter Drive', 'Rio Negrinho', '', '89295'),
(401, 401, 'Suite 95', '612 Golden Leaf Road', 'Kosava', '', ''),
(402, 402, 'Room 814', '7661 Memorial Lane', 'Masu', '', ''),
(403, 403, '11th Floor', '9265 Lotheville Crossing', 'Jazovo', '', ''),
(404, 404, '14th Floor', '0029 Texas Road', 'Huangjin', '', ''),
(405, 405, 'PO Box 33661', '77974 Memorial Place', 'Lgovskiy', '', '30775'),
(406, 406, 'Room 1816', '61 Dwight Center', 'Yuanjue', '', ''),
(407, 407, '5th Floor', '13199 Southridge Street', 'Kavsilas', '', ''),
(408, 408, 'Suite 35', '8694 Magdeline Pass', 'Naji', '', ''),
(409, 409, 'Apt 78', '3 Esker Center', 'Ibarra', '', ''),
(410, 410, 'Apt 749', '3 Texas Terrace', 'Gloan', '', ''),
(411, 411, 'Suite 56', '9 Debra Junction', 'Pikalvo', '', '18760'),
(412, 412, 'Apt 881', '37 Ohio Junction', 'Emiliano Zapata', 'Mexico', '51355'),
(413, 413, 'PO Box 88534', '87 Union Park', 'Jiaoqiao', '', ''),
(414, 414, '9th Floor', '94535 Norway Maple Parkway', 'Kipen', '', '18851'),
(415, 415, 'PO Box 14783', '5 Bashford Court', 'Dicamay', '', '6011'),
(416, 416, 'Room 1537', '46736 Twin Pines Plaza', 'No Psychik', '', ''),
(417, 417, '16th Floor', '38 Scofield Street', 'Muarabuliti', '', ''),
(418, 418, '20th Floor', '11005 Laurel Crossing', 'Banjiang', '', ''),
(419, 419, '19th Floor', '72 Dunning Point', 'Pshekhskaya', '', '35260'),
(420, 420, 'Room 1501', '6 4th Way', 'Nanlin', '', ''),
(421, 421, 'Room 1513', '02032 Briar Crest Drive', 'Chamlykskaya', '', '35254'),
(422, 422, 'Room 363', '1170 Jana Way', 'Bern de Astrada', '', '3481'),
(423, 423, 'PO Box 71864', '17 East Place', 'Cuijiamatou', '', ''),
(424, 424, 'Apt 1382', '417 Sutteridge Crossing', 'New Agutaya', '', '6330'),
(425, 425, 'Room 1830', '72449 Tennessee Avenue', 'Adelaide Mail Centre', 'South Australia', '5889'),
(426, 426, 'Room 473', '18968 Superior Street', 'Jutiapa', '', '22001'),
(427, 427, 'Suite 37', '411 Bashford Circle', 'Motala', 'stergtland', '591 4'),
(428, 428, 'Suite 48', '5225 David Circle', 'Coaticook', 'Qubec', 'J1A'),
(429, 429, 'Apt 1151', '7 Killdeer Crossing', 'Sharkawshchyna', '', ''),
(430, 430, 'Suite 40', '77052 Huxley Circle', 'Godong', '', ''),
(431, 431, 'PO Box 47363', '031 Killdeer Lane', 'Zaplavnoye', '', '40460'),
(432, 432, '17th Floor', '7 Loeprich Road', 'Pawosiw', '', '37-56'),
(433, 433, 'PO Box 63671', '7829 Lindbergh Court', 'Prinza', '', '4216'),
(434, 434, 'PO Box 9706', '149 Kim Circle', 'Bergen', 'Hordaland', '5857'),
(435, 435, 'Suite 89', '259 Dorton Alley', 'Schieren', '', 'L-918'),
(436, 436, 'Room 2', '09283 Union Center', 'Sabana Grande de Boy', '', '10136'),
(437, 437, 'Apt 1793', '3 Upham Park', 'Parakanbeusi', '', ''),
(438, 438, '18th Floor', '7934 Fairview Point', 'Pessac', 'Aquitaine', '33604'),
(439, 439, 'PO Box 84781', '18 Lyons Way', 'Maoming', '', ''),
(440, 440, 'Suite 11', '52 Nancy Plaza', 'Yangmadao', '', ''),
(441, 441, 'PO Box 63486', '3 Di Loreto Alley', 'Staryy Saltiv', '', ''),
(442, 442, 'Suite 45', '6 Crest Line Place', 'Yanwo', '', ''),
(443, 443, 'PO Box 97632', '3 Manitowish Lane', 'Velikiye Luki', '', '18214'),
(444, 444, 'Suite 89', '1144 Glacier Hill Place', 'Pochep', '', '24341'),
(445, 445, 'Room 1181', '8 Cardinal Pass', 'Tomas', '', ''),
(446, 446, 'Suite 10', '6282 Mallard Drive', 'Johor Bahru', 'Johor', '80500'),
(447, 447, 'PO Box 65064', '773 Commercial Junction', 'Wanfang', '', ''),
(448, 448, 'Apt 1727', '58 Paget Way', 'Lille', 'Nord-Pas-de-Calais', '59865'),
(449, 449, 'PO Box 74992', '9 Grayhawk Avenue', 'Rengasdengklok', '', ''),
(450, 450, '1st Floor', '39 Beilfuss Circle', 'Anfi', '', ''),
(451, 451, 'Room 765', '2 Troy Trail', 'Derzhavnsk', '', ''),
(452, 452, 'Suite 68', '6 Trailsway Place', 'Zelmei', '', ''),
(453, 453, 'PO Box 43093', '02 Hagan Terrace', 'Cibinong Satu', '', ''),
(454, 454, 'PO Box 10974', '9 Hermina Parkway', 'Umbuldamar', '', ''),
(455, 455, 'Suite 47', '98365 Mesta Trail', 'Silihe', '', ''),
(456, 456, '4th Floor', '287 Fieldstone Lane', 'Chantilly', 'Picardie', '60506'),
(457, 457, 'Suite 87', '87 Independence Hill', 'Medeiros Neto', '', '45960'),
(458, 458, 'Apt 1294', '8295 Lien Alley', 'Cortezia', 'Lisboa', '2705-'),
(459, 459, 'Suite 38', '99 Village Green Pass', 'Camaligan', '', '4401'),
(460, 460, '3rd Floor', '172 Little Fleur Drive', 'Gary', 'Indiana', '46406'),
(461, 461, 'Suite 60', '55966 Cody Point', 'Ksh', '', ''),
(462, 462, 'Suite 83', '70 Miller Drive', 'Shangzhuang', '', ''),
(463, 463, '18th Floor', '63913 Manufacturers Road', 'Sahavato', '', ''),
(464, 464, '6th Floor', '78972 Saint Paul Circle', 'Tawaramoto', '', '639-1'),
(465, 465, 'PO Box 70834', '5 Sugar Place', 'Oele', '', ''),
(466, 466, 'Apt 1336', '74 Northport Court', 'Anton', '', '2089'),
(467, 467, 'Apt 868', '92178 Green Ridge Junction', 'Prmachoi', '', ''),
(468, 468, 'Room 916', '49 Jenifer Junction', 'Wenwusha', '', ''),
(469, 469, 'Suite 76', '2 Paget Lane', 'Bellavista', 'Guanajuato', '37360'),
(470, 470, 'Room 749', '69 Fremont Terrace', 'Mosque', '', ''),
(471, 471, 'Suite 54', '2623 Thackeray Avenue', 'Camlachie', 'Ontario', 'G5Z'),
(472, 472, '5th Floor', '5 Ohio Trail', 'Debre Markos', '', ''),
(473, 473, 'Suite 9', '003 Cody Drive', 'Nangang', '', ''),
(474, 474, 'Apt 1389', '8819 Straubel Place', 'Yuzhai', '', ''),
(475, 475, 'PO Box 28071', '2859 Hudson Drive', 'Rambouillet', 'le-de-France', '78514'),
(476, 476, 'Apt 57', '659 Montana Way', 'San Antonio Suchitepquez', '', '10030'),
(477, 477, 'Apt 215', '60255 Cody Way', 'Ambian', '', ''),
(478, 478, '18th Floor', '3 Carioca Park', 'Hamm', 'Nordrhein-Westfalen', '59071'),
(479, 479, 'Room 1088', '61 Tennyson Street', 'Pasirmalang', '', ''),
(480, 480, 'Room 415', '22 Kensington Point', 'Nice', 'Provence-Alpes-Cte d\'Azur', '06016'),
(481, 481, 'PO Box 86364', '5569 Crownhardt Point', 'San Pedro de Lloc', '', ''),
(482, 482, 'Suite 73', '431 Towne Pass', 'Canturay', '', '1676'),
(483, 483, 'PO Box 24900', '21601 Northfield Park', 'Saint-Maurice-l\'Exil', 'Rhne-Alpes', '38554'),
(484, 484, 'Suite 82', '73749 Kinsman Pass', 'Karangbayat', '', ''),
(485, 485, '5th Floor', '74728 Fuller Drive', 'pinal', 'Lorraine', '88099'),
(486, 486, '2nd Floor', '3237 Tennessee Place', 'Lalapanzi', '', ''),
(487, 487, 'Suite 80', '344 Coleman Center', 'Krajan Dua Sumbersari', '', ''),
(488, 488, '14th Floor', '4598 Donald Parkway', 'Quanling', '', ''),
(489, 489, 'Suite 76', '63533 Fremont Avenue', 'Korkino', '', '45655'),
(490, 490, 'PO Box 5339', '40 Esch Crossing', 'Czyowice', '', '44-35'),
(491, 491, 'Room 842', '4541 Cottonwood Park', 'Urshelskiy', '', '60155'),
(492, 492, 'Suite 2', '6422 Dottie Crossing', 'Haninge', 'Stockholm', '136 6'),
(493, 493, 'PO Box 24117', '0657 Delladonna Alley', 'Helsingborg', 'Skne', '254 3'),
(494, 494, 'Room 590', '5 Anniversary Park', 'Levski', '', '5292'),
(495, 495, 'PO Box 40122', '1 Washington Hill', 'Newmarket', 'Ontario', 'L9N'),
(496, 496, '15th Floor', '24269 Shoshone Alley', 'Tolbazy', '', '45348'),
(497, 497, '18th Floor', '8565 Dayton Alley', 'Tha Maka', '', '71120'),
(498, 498, 'Room 949', '1 Oxford Crossing', 'Nykarleby', '', '02490'),
(499, 499, 'PO Box 59600', '310 Buell Center', 'Mathba', '', '8566'),
(500, 500, 'Apt 858', '6506 Dwight Plaza', 'Kolo', '', ''),
(501, 501, '6th Floor', '54603 Pleasure Court', 'Marull', '', '5139'),
(502, 502, 'Apt 882', '30 Graedel Circle', 'Marcovia', '', ''),
(503, 503, '7th Floor', '39 Banding Point', 'Salgado', '', '49390'),
(504, 504, 'Room 1709', '82 Washington Hill', 'Lokosovo', '', '36881'),
(505, 505, '11th Floor', '107 Logan Drive', 'Payxambabazar', '', ''),
(506, 506, 'Apt 1902', '2190 Maryland Avenue', 'Jiyukou', '', ''),
(507, 507, 'Apt 1218', '280 Pawling Circle', '', '', '2423'),
(508, 508, 'Room 533', '1 Longview Avenue', 'Repunica', '', '44320'),
(509, 509, '17th Floor', '83970 Dottie Pass', 'Dame-Marie', '', ''),
(510, 510, 'Suite 99', '021 Vernon Junction', 'Pearrubia', '', '2804'),
(511, 511, 'PO Box 78828', '8468 Grasskamp Point', 'Talalayivka', '', ''),
(512, 512, 'PO Box 26291', '5067 Melody Pass', 'Sv. Ana v Slov. Goricah', '', '2235'),
(513, 513, '20th Floor', '007 Columbus Alley', 'Ar Rub', '', ''),
(514, 514, 'Apt 1157', '46 Killdeer Point', 'Skovorodino', '', '67601'),
(515, 515, 'Apt 1286', '5 Corscot Park', 'Songgai', '', ''),
(516, 516, 'Apt 1799', '4 Buhler Drive', 'Sincelejo', '', '70001'),
(517, 517, 'PO Box 41733', '27438 Old Gate Street', 'Desa Margaluyu', '', ''),
(518, 518, 'Apt 143', '2 Holmberg Hill', 'Preii', '', ''),
(519, 519, 'Apt 1440', '4 Bay Point', 'Hrodna', '', ''),
(520, 520, 'Suite 16', '996 Namekagon Plaza', 'Sundsvall', 'Vsternorrland', '850 0'),
(521, 521, 'Room 891', '62 Glendale Place', 'Canedo', 'Aveiro', '4525-'),
(522, 522, 'Suite 88', '4311 Westridge Avenue', 'Dhamr', '', ''),
(523, 523, 'PO Box 50909', '2097 Thompson Lane', 'Al Lubban al Gharb', '', ''),
(524, 524, 'Apt 1732', '97 Dennis Road', 'Ruda-Huta', '', '22-11'),
(525, 525, 'Suite 50', '28950 Independence Street', 'Saint-Quentin-en-Yvelines', 'le-de-France', '78925'),
(526, 526, 'PO Box 10787', '148 Dottie Junction', 'Eastern Suburbs Mc', 'New South Wales', '1315'),
(527, 527, 'Apt 1567', '9347 Kropf Avenue', 'Yingwusitang', '', ''),
(528, 528, '16th Floor', '7 Scofield Alley', 'Nanxing', '', ''),
(529, 529, 'PO Box 57139', '75710 Bashford Center', 'Padangpanjang', '', ''),
(530, 530, 'Room 79', '7 Mandrake Avenue', 'Kalt', '', '88300'),
(531, 531, 'Suite 48', '9961 Ramsey Plaza', 'Tyukalinsk', '', '64633'),
(532, 532, 'PO Box 52142', '8 Moose Plaza', 'Camp Flora', '', '6529'),
(533, 533, 'PO Box 44011', '62 Maryland Way', 'Canchaque', '', ''),
(534, 534, 'Suite 36', '3 Colorado Trail', 'Tetice', '', '783 4'),
(535, 535, 'Room 1991', '423 Sunbrook Trail', 'Koysinceq', '', ''),
(536, 536, 'PO Box 43491', '4794 Harbort Crossing', 'Melaka', 'Melaka', '75200'),
(537, 537, 'PO Box 44731', '7493 Lawn Road', 'Dargaz', '', ''),
(538, 538, 'Room 856', '22495 Rigney Point', 'Ribeira Grande', 'Ilha de So Miguel', '9600-'),
(539, 539, '5th Floor', '21 Goodland Plaza', 'Niandui', '', ''),
(540, 540, 'Room 937', '51 Grayhawk Alley', 'Lankaran', '', ''),
(541, 541, 'Room 95', '5413 Old Gate Crossing', 'Macachn', '', '5561'),
(542, 542, 'Apt 1766', '3608 Farragut Point', 'Huntington', 'West Virginia', '25709'),
(543, 543, 'Suite 93', '4 Linden Center', 'Kawayan', '', '6545'),
(544, 544, 'Suite 15', '1 Westerfield Point', 'Hangkou', '', ''),
(545, 545, 'Room 1857', '9 Mockingbird Lane', 'Empedrado', '', '3418'),
(546, 546, 'PO Box 11772', '6522 Hansons Plaza', 'Sabana de Parra', '', ''),
(547, 547, 'Room 638', '4479 Eagan Lane', 'Candelria', '', '96930'),
(548, 548, 'PO Box 56389', '8943 Vidon Terrace', 'Vinjevac', '', '43226'),
(549, 549, 'PO Box 71764', '52693 Waubesa Crossing', 'Traigun', '', ''),
(550, 550, 'PO Box 9278', '557 Mesta Point', 'Rueil-Malmaison', 'le-de-France', '92509'),
(551, 551, 'Room 1115', '80 Shasta Junction', 'Las Cruces', 'New Mexico', '88006'),
(552, 552, 'Room 1116', '8392 Waxwing Court', 'Bin Ha', '', ''),
(553, 553, '5th Floor', '2374 Brentwood Drive', 'Shiqiao', '', ''),
(554, 554, 'Suite 32', '36298 Delladonna Terrace', 'La Plaine-Saint-Denis', 'le-de-France', '93571'),
(555, 555, 'PO Box 96906', '59 Hazelcrest Park', 'Khao Khitchakut', '', '50140'),
(556, 556, '7th Floor', '5 Sullivan Way', 'Dayangzhou', '', ''),
(557, 557, 'Room 114', '06 Dixon Road', 'Mazacowice', '', '43-39'),
(558, 558, 'Suite 20', '26 Jenna Junction', 'Aygestan', '', ''),
(559, 559, 'Apt 815', '70 Corry Avenue', 'Guanlu', '', ''),
(560, 560, 'PO Box 56053', '04669 Spenser Road', 'Brisbane', 'Queensland', '9010'),
(561, 561, 'Suite 42', '56 Crescent Oaks Park', 'Waturoka', '', ''),
(562, 562, '3rd Floor', '632 David Alley', 'Sentani', '', ''),
(563, 563, 'Room 1712', '760 Forest Dale Street', 'Arevshat', '', ''),
(564, 564, 'Suite 92', '641 Coleman Junction', 'Maglajani', '', ''),
(565, 565, 'Suite 72', '4 Green Drive', 'Ardino', '', '4939'),
(566, 566, '19th Floor', '2 Hovde Circle', 'Molinos', '', '4616'),
(567, 567, '5th Floor', '6 Chive Parkway', 'Heredia', '', '40101'),
(568, 568, 'Room 903', '4 Blaine Drive', 'Semnovskoye', '', '14281'),
(569, 569, 'Room 526', '658 Veith Junction', 'Tegalrejo', '', ''),
(570, 570, 'Apt 1575', '39143 Monica Avenue', 'Provats', '', ''),
(571, 571, 'Room 39', '53843 Clarendon Circle', 'Guarenas', '', ''),
(572, 572, 'Room 75', '91406 Daystar Junction', 'Zavitinsk', '', '39171'),
(573, 573, 'Suite 94', '5224 Schiller Crossing', 'Sopron', 'Gyr-Moson-Sopron', '9404'),
(574, 574, 'Suite 86', '558 Straubel Court', 'Sumberjati', '', ''),
(575, 575, '3rd Floor', '12 School Avenue', 'Ismailia', '', ''),
(576, 576, '1st Floor', '8 Derek Plaza', 'Guamal', '', '47302'),
(577, 577, 'Suite 80', '387 Northwestern Place', 'Bojongnangka', '', ''),
(578, 578, 'Room 1823', '22209 Muir Alley', 'Zijin', '', ''),
(579, 579, 'Suite 74', '7 International Pass', 'Paris 15', 'le-de-France', '75902'),
(580, 580, 'PO Box 82145', '1 Eggendart Place', 'Tol', '', '70601'),
(581, 581, 'PO Box 5427', '2998 Hollow Ridge Street', 'Santo Domingo', '', '4508'),
(582, 582, 'Suite 79', '607 American Ash Trail', 'Baleber', '', ''),
(583, 583, 'Room 1676', '3050 Sutteridge Court', 'Lobito', '', ''),
(584, 584, 'Room 1823', '4011 Rutledge Crossing', 'Kaishantun', '', ''),
(585, 585, 'Apt 359', '5 Eggendart Place', 'Cipaku', '', ''),
(586, 586, '15th Floor', '51918 Green Circle', 'Xiadahe', '', ''),
(587, 587, 'PO Box 25448', '77639 Hagan Road', 'Liujiachang', '', ''),
(588, 588, 'PO Box 66650', '9893 Garrison Lane', 'Norberg', 'Vstmanland', '738 3'),
(589, 589, 'Apt 553', '6541 Gateway Point', 'Shhpur Chkar', '', '72121'),
(590, 590, 'PO Box 57592', '8 Oakridge Circle', 'Borgarnes', '', '311'),
(591, 591, 'Apt 187', '70 Riverside Plaza', 'Gteborg', 'Vstra Gtaland', '404 3'),
(592, 592, 'Room 786', '23 Jay Place', 'Sumbersih', '', ''),
(593, 593, '9th Floor', '50606 Anhalt Hill', 'Puerto Barrios', '', '18001'),
(594, 594, 'Room 1976', '83077 Bowman Street', 'Carregal', 'Aveiro', '3800-'),
(595, 595, '5th Floor', '20039 Delaware Park', 'Al Marj', '', ''),
(596, 596, 'PO Box 70170', '0 Susan Circle', 'Fulu', '', ''),
(597, 597, 'PO Box 35304', '8 Spaight Parkway', 'Los Charras', '', '3212'),
(598, 598, '16th Floor', '179 Clyde Gallagher Street', 'Ilskiy', '', '35324'),
(599, 599, '15th Floor', '1 Center Terrace', 'Xikou', '', ''),
(600, 600, 'Apt 358', '8260 Karstens Way', 'San Borja', '', ''),
(601, 601, 'Suite 10', '9319 Dawn Parkway', 'Krasnaya Poyma', '', '14051'),
(602, 602, 'Suite 87', '1085 Lake View Junction', 'Zhongyuan', '', ''),
(603, 603, 'Suite 52', '559 Randy Junction', 'Newton', 'England', 'NG34'),
(604, 604, 'Apt 1844', '7 Petterle Point', 'Sultan Kudarat', '', '4436'),
(605, 605, '9th Floor', '2835 Ronald Regan Trail', 'Muararupit', '', ''),
(606, 606, 'Apt 1579', '1603 Melby Crossing', 'Kfalos', '', ''),
(607, 607, '6th Floor', '08104 Corry Pass', 'Patsi', '', ''),
(608, 608, '15th Floor', '212 Macpherson Terrace', 'aqnis', '', ''),
(609, 609, 'PO Box 8655', '7397 Manufacturers Center', 'Huangchi', '', ''),
(610, 610, '10th Floor', '39 Southridge Center', 'Wukou', '', ''),
(611, 611, 'Room 1590', '5977 Evergreen Plaza', 'Bezenchuk', '', '44625'),
(612, 612, '15th Floor', '9864 Gale Hill', 'Foz do Iguau', '', '85850'),
(613, 613, 'Room 252', '395 Mesta Court', 'uto Orizare', '', '1040'),
(614, 614, 'Room 1654', '57 Esker Trail', 'So Francisco do Sul', '', '89240');

--
-- Indexes for dumped tables
--

--
-- Indexes for table `billing`
--
ALTER TABLE `billing`
  ADD PRIMARY KEY (`order_id`),
  ADD KEY `order_type_id` (`order_type_id`),
  ADD KEY `payment_id` (`payment_id`),
  ADD KEY `staff_id` (`staff_id`),
  ADD KEY `user_id` (`user_id`);

--
-- Indexes for table `card_type`
--
ALTER TABLE `card_type`
  ADD PRIMARY KEY (`card_type_id`);

--
-- Indexes for table `cart`
--
ALTER TABLE `cart`
  ADD PRIMARY KEY (`cart_id`),
  ADD KEY `order_id` (`order_id`,`product_id`,`user_id`),
  ADD KEY `product_id` (`product_id`),
  ADD KEY `user_id` (`user_id`);

--
-- Indexes for table `category`
--
ALTER TABLE `category`
  ADD PRIMARY KEY (`category_id`);

--
-- Indexes for table `order_type`
--
ALTER TABLE `order_type`
  ADD PRIMARY KEY (`order_type_id`);

--
-- Indexes for table `payment_card`
--
ALTER TABLE `payment_card`
  ADD PRIMARY KEY (`card_number`),
  ADD KEY `card_type_id` (`card_type_id`);

--
-- Indexes for table `payment_method`
--
ALTER TABLE `payment_method`
  ADD PRIMARY KEY (`payment_id`);

--
-- Indexes for table `product`
--
ALTER TABLE `product`
  ADD PRIMARY KEY (`product_id`),
  ADD KEY `category_id` (`category_id`);

--
-- Indexes for table `promotion`
--
ALTER TABLE `promotion`
  ADD PRIMARY KEY (`promotion_id`);

--
-- Indexes for table `seat_reserve`
--
ALTER TABLE `seat_reserve`
  ADD PRIMARY KEY (`reserve_id`),
  ADD KEY `seat_type_id` (`seat_type_id`),
  ADD KEY `user_id` (`user_id`);

--
-- Indexes for table `seat_type`
--
ALTER TABLE `seat_type`
  ADD PRIMARY KEY (`seat_type_id`);

--
-- Indexes for table `staff_address`
--
ALTER TABLE `staff_address`
  ADD PRIMARY KEY (`staff_address_id`),
  ADD KEY `staff_id` (`staff_id`);

--
-- Indexes for table `staff_info`
--
ALTER TABLE `staff_info`
  ADD PRIMARY KEY (`staff_id`),
  ADD KEY `vehicle_id` (`vehicle_id`,`position_id`),
  ADD KEY `positon_id` (`position_id`),
  ADD KEY `position_id` (`position_id`);

--
-- Indexes for table `staff_position`
--
ALTER TABLE `staff_position`
  ADD PRIMARY KEY (`position_id`);

--
-- Indexes for table `user`
--
ALTER TABLE `user`
  ADD PRIMARY KEY (`user_id`),
  ADD KEY `card_number` (`card_number`);

--
-- Indexes for table `user_action`
--
ALTER TABLE `user_action`
  ADD PRIMARY KEY (`action_id`),
  ADD KEY `promotion_id` (`promotion_id`),
  ADD KEY `order_id` (`order_id`),
  ADD KEY `user_id` (`user_id`);

--
-- Indexes for table `user_address`
--
ALTER TABLE `user_address`
  ADD PRIMARY KEY (`user_address_id`),
  ADD KEY `user_id` (`user_id`);

--
-- AUTO_INCREMENT for dumped tables
--

--
-- AUTO_INCREMENT for table `billing`
--
ALTER TABLE `billing`
  MODIFY `order_id` int(11) NOT NULL AUTO_INCREMENT, AUTO_INCREMENT=19;

--
-- AUTO_INCREMENT for table `cart`
--
ALTER TABLE `cart`
  MODIFY `cart_id` int(11) NOT NULL AUTO_INCREMENT, AUTO_INCREMENT=35;

--
-- AUTO_INCREMENT for table `product`
--
ALTER TABLE `product`
  MODIFY `product_id` int(5) NOT NULL AUTO_INCREMENT, AUTO_INCREMENT=35;

--
-- AUTO_INCREMENT for table `seat_reserve`
--
ALTER TABLE `seat_reserve`
  MODIFY `reserve_id` int(11) NOT NULL AUTO_INCREMENT, AUTO_INCREMENT=23;

--
-- AUTO_INCREMENT for table `staff_address`
--
ALTER TABLE `staff_address`
  MODIFY `staff_address_id` int(8) NOT NULL AUTO_INCREMENT, AUTO_INCREMENT=2;

--
-- AUTO_INCREMENT for table `staff_info`
--
ALTER TABLE `staff_info`
  MODIFY `staff_id` int(7) NOT NULL AUTO_INCREMENT, AUTO_INCREMENT=19;

--
-- AUTO_INCREMENT for table `user`
--
ALTER TABLE `user`
  MODIFY `user_id` int(11) NOT NULL AUTO_INCREMENT, AUTO_INCREMENT=1001;

--
-- AUTO_INCREMENT for table `user_action`
--
ALTER TABLE `user_action`
  MODIFY `action_id` int(6) NOT NULL AUTO_INCREMENT, AUTO_INCREMENT=3;

--
-- AUTO_INCREMENT for table `user_address`
--
ALTER TABLE `user_address`
  MODIFY `user_address_id` int(11) NOT NULL AUTO_INCREMENT, AUTO_INCREMENT=615;

--
-- Constraints for dumped tables
--

--
-- Constraints for table `billing`
--
ALTER TABLE `billing`
  ADD CONSTRAINT `billing_ibfk_1` FOREIGN KEY (`order_type_id`) REFERENCES `order_type` (`order_type_id`) ON DELETE CASCADE ON UPDATE CASCADE,
  ADD CONSTRAINT `billing_ibfk_2` FOREIGN KEY (`payment_id`) REFERENCES `payment_method` (`payment_id`) ON DELETE CASCADE ON UPDATE CASCADE,
  ADD CONSTRAINT `billing_ibfk_3` FOREIGN KEY (`staff_id`) REFERENCES `staff_info` (`staff_id`) ON DELETE CASCADE ON UPDATE CASCADE,
  ADD CONSTRAINT `billing_ibfk_4` FOREIGN KEY (`user_id`) REFERENCES `user` (`user_id`) ON DELETE CASCADE ON UPDATE CASCADE;

--
-- Constraints for table `cart`
--
ALTER TABLE `cart`
  ADD CONSTRAINT `cart_ibfk_1` FOREIGN KEY (`product_id`) REFERENCES `product` (`product_id`) ON DELETE CASCADE ON UPDATE CASCADE,
  ADD CONSTRAINT `cart_ibfk_2` FOREIGN KEY (`user_id`) REFERENCES `user` (`user_id`) ON DELETE CASCADE ON UPDATE CASCADE,
  ADD CONSTRAINT `cart_ibfk_3` FOREIGN KEY (`order_id`) REFERENCES `billing` (`order_id`) ON DELETE CASCADE ON UPDATE CASCADE;

--
-- Constraints for table `payment_card`
--
ALTER TABLE `payment_card`
  ADD CONSTRAINT `payment_card_ibfk_1` FOREIGN KEY (`card_type_id`) REFERENCES `card_type` (`card_type_id`) ON DELETE CASCADE ON UPDATE CASCADE;

--
-- Constraints for table `product`
--
ALTER TABLE `product`
  ADD CONSTRAINT `product_ibfk_1` FOREIGN KEY (`category_id`) REFERENCES `category` (`category_id`) ON DELETE CASCADE ON UPDATE CASCADE;

--
-- Constraints for table `seat_reserve`
--
ALTER TABLE `seat_reserve`
  ADD CONSTRAINT `seat_reserve_ibfk_1` FOREIGN KEY (`seat_type_id`) REFERENCES `seat_type` (`seat_type_id`) ON DELETE CASCADE ON UPDATE CASCADE,
  ADD CONSTRAINT `seat_reserve_ibfk_2` FOREIGN KEY (`user_id`) REFERENCES `user` (`user_id`) ON DELETE CASCADE ON UPDATE CASCADE;

--
-- Constraints for table `staff_address`
--
ALTER TABLE `staff_address`
  ADD CONSTRAINT `staff_address_ibfk_1` FOREIGN KEY (`staff_id`) REFERENCES `staff_info` (`staff_id`) ON DELETE CASCADE ON UPDATE CASCADE;

--
-- Constraints for table `staff_info`
--
ALTER TABLE `staff_info`
  ADD CONSTRAINT `staff_info_ibfk_1` FOREIGN KEY (`position_id`) REFERENCES `staff_position` (`position_id`) ON DELETE CASCADE ON UPDATE CASCADE;

--
-- Constraints for table `user`
--
ALTER TABLE `user`
  ADD CONSTRAINT `user_ibfk_1` FOREIGN KEY (`card_number`) REFERENCES `payment_card` (`card_number`) ON DELETE CASCADE ON UPDATE CASCADE;

--
-- Constraints for table `user_action`
--
ALTER TABLE `user_action`
  ADD CONSTRAINT `user_action_ibfk_1` FOREIGN KEY (`order_id`) REFERENCES `billing` (`order_id`) ON DELETE CASCADE ON UPDATE CASCADE,
  ADD CONSTRAINT `user_action_ibfk_4` FOREIGN KEY (`promotion_id`) REFERENCES `promotion` (`promotion_id`) ON DELETE CASCADE ON UPDATE CASCADE,
  ADD CONSTRAINT `user_action_ibfk_5` FOREIGN KEY (`user_id`) REFERENCES `user` (`user_id`) ON DELETE CASCADE ON UPDATE CASCADE;

--
-- Constraints for table `user_address`
--
ALTER TABLE `user_address`
  ADD CONSTRAINT `user_address_ibfk_1` FOREIGN KEY (`user_address_id`) REFERENCES `user` (`user_id`) ON DELETE CASCADE ON UPDATE CASCADE;
COMMIT;

/*!40101 SET CHARACTER_SET_CLIENT=@OLD_CHARACTER_SET_CLIENT */;
/*!40101 SET CHARACTER_SET_RESULTS=@OLD_CHARACTER_SET_RESULTS */;
/*!40101 SET COLLATION_CONNECTION=@OLD_COLLATION_CONNECTION */;
